Epoch,Batch,Batch Loss,Batch Time
1,1,1295.0679931640625,0.8364102840423584
1,2,1032.6500244140625,0.6726889610290527
1,3,1141.3284912109375,0.6720931529998779
1,4,1325.0120849609375,0.6747267246246338
1,5,828.2048950195312,0.6725156307220459
1,6,580.5299072265625,0.6722996234893799
1,7,584.2825317382812,0.6715352535247803
1,8,555.1135864257812,0.673837423324585
1,9,1248.2783203125,0.6725637912750244
1,10,536.7018432617188,0.6725504398345947
1,11,522.0863647460938,0.6713407039642334
1,12,453.46044921875,0.6734073162078857
1,13,650.3760986328125,0.6716136932373047
1,14,363.9286193847656,0.672778844833374
1,15,641.9161987304688,0.6712162494659424
1,16,1391.8572998046875,0.6723911762237549
1,17,147.17132568359375,0.6734311580657959
1,18,129.80445861816406,0.6725757122039795
1,19,1028.680419921875,0.6714122295379639
1,20,418.9432067871094,0.672370195388794
1,21,1032.710693359375,0.6713581085205078
1,22,918.3799438476562,0.6727075576782227
1,23,444.1842346191406,0.671788215637207
1,24,333.6363220214844,0.6722095012664795
1,25,1058.090576171875,0.6717169284820557
1,26,336.1544189453125,0.6727259159088135
1,27,250.39337158203125,0.6717109680175781
1,28,511.33013916015625,0.6722598075866699
1,29,68.57353973388672,0.6716053485870361
1,30,130.9029998779297,0.6736893653869629
1,31,427.3180236816406,0.6717281341552734
1,32,586.9594116210938,0.6721203327178955
1,33,244.25535583496094,0.6722190380096436
1,34,220.25363159179688,0.6731417179107666
1,35,166.55235290527344,0.671384334564209
1,36,232.60951232910156,0.6742010116577148
1,37,692.15869140625,0.6714522838592529
1,38,426.6134948730469,0.6723618507385254
1,39,112.7119140625,0.6716282367706299
1,40,226.76510620117188,0.6723830699920654
1,41,418.9189453125,0.6724598407745361
1,42,119.93086242675781,0.6740481853485107
1,43,40.25798034667969,0.6714973449707031
1,44,93.91493225097656,0.6723334789276123
1,45,581.720947265625,0.6721739768981934
1,46,228.23703002929688,0.6744027137756348
1,47,40.35432815551758,0.6716036796569824
1,48,220.00579833984375,0.6727190017700195
1,49,200.86056518554688,0.671642541885376
1,50,336.85595703125,0.6731438636779785
1,51,138.54872131347656,0.6715543270111084
1,52,698.0423583984375,0.6732521057128906
1,53,199.00343322753906,0.6720161437988281
1,54,205.99964904785156,0.672386646270752
1,55,248.75054931640625,0.6722812652587891
1,56,249.5770263671875,0.6729514598846436
1,57,476.8210144042969,0.6729800701141357
1,58,372.4507751464844,0.6722888946533203
1,59,58.46525192260742,0.6718015670776367
1,60,115.14576721191406,0.6732597351074219
1,61,140.4195556640625,0.6732239723205566
1,62,116.48210144042969,0.6725482940673828
1,63,57.30949020385742,0.6719393730163574
1,64,98.04271697998047,0.6725497245788574
1,65,296.61993408203125,0.671715497970581
1,66,440.78411865234375,0.6725418567657471
1,67,310.9048767089844,0.671501874923706
1,68,135.17127990722656,0.6726350784301758
1,69,372.21942138671875,0.6717779636383057
1,70,114.12029266357422,0.6726715564727783
1,71,360.23321533203125,0.6715552806854248
1,72,254.00161743164062,0.6726644039154053
1,73,402.6884460449219,0.6717805862426758
1,74,220.77459716796875,0.6718294620513916
1,75,286.3526306152344,0.6715741157531738
1,76,74.77100372314453,0.6726012229919434
1,77,61.92425537109375,0.6720657348632812
1,78,796.287109375,0.6726992130279541
1,79,502.65130615234375,0.6711554527282715
1,80,258.8360595703125,0.6724529266357422
1,81,915.2722778320312,0.6726305484771729
1,82,743.5587768554688,0.6746258735656738
1,83,251.95533752441406,0.672893762588501
1,84,218.16368103027344,0.6740627288818359
1,85,107.42826843261719,0.6738817691802979
1,86,64.81837463378906,0.6761865615844727
1,87,329.5597229003906,0.6719706058502197
1,88,229.7583770751953,0.6737375259399414
1,89,250.39100646972656,0.6720857620239258
1,90,468.1087341308594,0.6741714477539062
1,91,225.67689514160156,0.672189474105835
1,92,47.31281661987305,0.6735091209411621
1,93,61.846832275390625,0.6725671291351318
1,94,346.5774230957031,0.6724350452423096
1,95,222.88002014160156,0.6719427108764648
1,96,213.192138671875,0.672713041305542
1,97,196.87327575683594,0.671623945236206
1,98,65.08331298828125,0.6722412109375
1,99,134.97024536132812,0.6715373992919922
1,100,57.10120391845703,0.6726839542388916
1,101,150.32986450195312,0.672039270401001
1,102,58.158447265625,0.6740305423736572
1,103,348.2518005371094,0.6726603507995605
1,104,100.28805541992188,0.6735777854919434
1,105,391.2955627441406,0.6727168560028076
1,106,556.8562622070312,0.6738636493682861
1,107,455.4234619140625,0.6715269088745117
1,108,327.28717041015625,0.673865795135498
1,109,165.46722412109375,0.6718955039978027
1,110,285.5896911621094,0.6737885475158691
1,111,375.5857849121094,0.6711256504058838
1,112,198.9687042236328,0.6726462841033936
1,113,648.483642578125,0.6721103191375732
1,114,52.84941864013672,0.6728503704071045
1,115,386.5498962402344,0.6713428497314453
1,116,246.69639587402344,0.6733198165893555
1,117,331.47137451171875,0.6718389987945557
1,118,80.23947143554688,0.6727874279022217
1,119,155.840087890625,0.6711950302124023
1,120,984.1912231445312,0.6737856864929199
1,121,172.31805419921875,0.671227216720581
1,122,225.25457763671875,0.6729369163513184
1,123,1305.20458984375,0.6727604866027832
1,124,84.79857635498047,0.6726658344268799
1,125,239.1646728515625,0.6712024211883545
1,126,211.4747314453125,0.6741845607757568
1,127,585.8821411132812,0.671926736831665
1,128,443.201904296875,0.6724791526794434
1,129,71.50939178466797,0.6732800006866455
1,130,75.44986724853516,0.6733176708221436
1,131,456.3369445800781,0.6715383529663086
1,132,168.1791229248047,0.6731066703796387
1,133,579.6981811523438,0.6721220016479492
1,134,720.8735961914062,0.6732220649719238
1,135,1125.88232421875,0.6723005771636963
1,136,451.8200988769531,0.6772634983062744
1,137,131.77780151367188,0.6734445095062256
1,138,153.47305297851562,0.6746530532836914
1,139,234.65103149414062,0.6743612289428711
1,140,211.1121063232422,0.6776885986328125
1,141,65.00983428955078,0.6754963397979736
1,142,201.4514923095703,0.6800198554992676
1,143,303.9393615722656,0.675835132598877
1,144,186.6388397216797,0.6770622730255127
1,145,355.0003967285156,0.6758608818054199
1,146,478.73748779296875,0.6766932010650635
1,147,804.1527099609375,0.6775994300842285
1,148,738.8935546875,0.6732664108276367
1,149,102.61309051513672,0.6707570552825928
1,150,315.55712890625,0.6730749607086182
1,151,901.1041870117188,0.6703810691833496
1,152,386.6779479980469,0.6716079711914062
1,153,141.387451171875,0.6723687648773193
1,154,645.3065795898438,0.6710841655731201
1,155,102.05986785888672,0.6714258193969727
1,156,589.2368774414062,0.6721739768981934
1,157,92.84059143066406,0.67177414894104
1,158,231.51673889160156,0.6729769706726074
1,159,697.1879272460938,0.671330451965332
1,160,423.9382019042969,0.6727285385131836
1,161,826.2879028320312,0.6731855869293213
1,162,381.5143737792969,0.6739716529846191
1,163,92.58419036865234,0.6720008850097656
1,164,280.82159423828125,0.6732232570648193
1,165,50.06122970581055,0.6716203689575195
1,166,148.0771942138672,0.6729648113250732
1,167,242.5181121826172,0.6734311580657959
1,168,47.913394927978516,0.6739671230316162
1,169,183.10597229003906,0.6727921962738037
1,170,49.1754264831543,0.6722385883331299
1,171,538.9779052734375,0.6714992523193359
1,172,191.80764770507812,0.6738231182098389
1,173,38.12577438354492,0.6719553470611572
1,174,244.20529174804688,0.6742856502532959
1,175,79.3367919921875,0.6721327304840088
1,176,147.5833740234375,0.6743764877319336
1,177,527.3514404296875,0.6737809181213379
1,178,143.41973876953125,0.673879861831665
1,179,67.71289825439453,0.6729228496551514
1,180,194.3876495361328,0.6746323108673096
1,181,332.3003234863281,0.672910213470459
1,182,85.09513854980469,0.6737592220306396
1,183,114.82392883300781,0.6729865074157715
1,184,23.344266891479492,0.6754031181335449
1,185,587.5956420898438,0.6732361316680908
1,186,181.09054565429688,0.6750962734222412
1,187,159.7135772705078,0.6733558177947998
1,188,66.32148742675781,0.6730601787567139
1,189,220.22177124023438,0.6731908321380615
1,190,82.6567611694336,0.673699140548706
1,191,62.054325103759766,0.6733050346374512
1,192,277.2208251953125,0.6751277446746826
1,193,190.53131103515625,0.6734025478363037
1,194,317.4705810546875,0.6738970279693604
1,195,119.8881607055664,0.672943115234375
1,196,223.51730346679688,0.6743664741516113
1,197,201.9285888671875,0.6731986999511719
1,198,78.70368194580078,0.5369322299957275
2,1,204.04994201660156,0.675957441329956
2,2,80.77534484863281,0.6713755130767822
2,3,95.20154571533203,0.6725389957427979
2,4,83.737548828125,0.6725904941558838
2,5,365.2519226074219,0.672288179397583
2,6,262.4287109375,0.6714541912078857
2,7,67.63810729980469,0.6721959114074707
2,8,163.5322723388672,0.6727397441864014
2,9,368.6557922363281,0.6717004776000977
2,10,218.76466369628906,0.671830415725708
2,11,45.401458740234375,0.6720197200775146
2,12,102.81646728515625,0.6717815399169922
2,13,348.6820373535156,0.6722934246063232
2,14,280.66973876953125,0.6716737747192383
2,15,155.82366943359375,0.672593355178833
2,16,89.06166076660156,0.6732406616210938
2,17,20.324085235595703,0.6718966960906982
2,18,40.46769332885742,0.6716899871826172
2,19,82.64105987548828,0.6725280284881592
2,20,51.152740478515625,0.6715328693389893
2,21,617.3345947265625,0.6716804504394531
2,22,189.65487670898438,0.6714673042297363
2,23,147.97219848632812,0.6725287437438965
2,24,203.92227172851562,0.6724624633789062
2,25,283.0295715332031,0.6722638607025146
2,26,97.50196838378906,0.6711831092834473
2,27,278.5152587890625,0.6729412078857422
2,28,287.6179504394531,0.6714301109313965
2,29,851.5304565429688,0.6718027591705322
2,30,155.64952087402344,0.6723718643188477
2,31,125.21354675292969,0.6724441051483154
2,32,241.86105346679688,0.6710109710693359
2,33,128.5916290283203,0.6726725101470947
2,34,399.8589172363281,0.6729252338409424
2,35,105.29210662841797,0.672032356262207
2,36,116.66937255859375,0.6721320152282715
2,37,45.5436897277832,0.6737508773803711
2,38,93.49144744873047,0.6732711791992188
2,39,321.2626647949219,0.6726889610290527
2,40,33.35783386230469,0.6717939376831055
2,41,334.5291748046875,0.6727912425994873
2,42,298.5192565917969,0.6716549396514893
2,43,537.3458862304688,0.6722211837768555
2,44,292.1918640136719,0.6729371547698975
2,45,300.3128662109375,0.6718862056732178
2,46,389.3211364746094,0.6713376045227051
2,47,267.1846618652344,0.6723463535308838
2,48,278.81610107421875,0.6715822219848633
2,49,60.16756820678711,0.673823356628418
2,50,72.85935974121094,0.6714873313903809
2,51,117.50555419921875,0.6716313362121582
2,52,58.42231750488281,0.6715214252471924
2,53,531.7150268554688,0.6722738742828369
2,54,178.55227661132812,0.6714482307434082
2,55,260.7702941894531,0.6722087860107422
2,56,246.31817626953125,0.6714375019073486
2,57,243.7646484375,0.6731827259063721
2,58,121.29927062988281,0.6714890003204346
2,59,361.14276123046875,0.6737112998962402
2,60,306.60589599609375,0.6724863052368164
2,61,343.9197692871094,0.6718564033508301
2,62,191.503173828125,0.6714816093444824
2,63,161.85731506347656,0.6733307838439941
2,64,31.863468170166016,0.6716718673706055
2,65,430.7903747558594,0.6734163761138916
2,66,199.2462158203125,0.6716623306274414
2,67,171.01918029785156,0.6723473072052002
2,68,69.46464538574219,0.6714277267456055
2,69,535.9500122070312,0.6719377040863037
2,70,44.78866958618164,0.671267032623291
2,71,44.336246490478516,0.6739940643310547
2,72,139.45753479003906,0.6717867851257324
2,73,108.92709350585938,0.6735348701477051
2,74,499.5101318359375,0.6725294589996338
2,75,461.560791015625,0.6733536720275879
2,76,9.965487480163574,0.6717586517333984
2,77,249.67674255371094,0.6719186305999756
2,78,166.29833984375,0.6722862720489502
2,79,207.32919311523438,0.6723182201385498
2,80,254.61312866210938,0.6724328994750977
2,81,266.6165771484375,0.6727719306945801
2,82,328.677734375,0.6707324981689453
2,83,188.1126251220703,0.672022819519043
2,84,342.565185546875,0.6712310314178467
2,85,834.4240112304688,0.6723811626434326
2,86,23.995073318481445,0.6708292961120605
2,87,1043.3765869140625,0.6726739406585693
2,88,209.02818298339844,0.670830249786377
2,89,217.4001007080078,0.6711924076080322
2,90,100.34779357910156,0.67136549949646
2,91,159.1506805419922,0.6720521450042725
2,92,713.8268432617188,0.6713168621063232
2,93,124.09211730957031,0.6723575592041016
2,94,236.6185302734375,0.6717636585235596
2,95,72.0898666381836,0.6735610961914062
2,96,324.0320739746094,0.6715030670166016
2,97,225.2322540283203,0.6717755794525146
2,98,34.70112991333008,0.672041654586792
2,99,47.96506118774414,0.6775722503662109
2,100,210.30621337890625,0.6741414070129395
2,101,392.3787536621094,0.6721885204315186
2,102,229.8252410888672,0.6726090908050537
2,103,190.7227020263672,0.6718392372131348
2,104,167.49212646484375,0.6713144779205322
2,105,76.158447265625,0.6721174716949463
2,106,898.0909423828125,0.6714260578155518
2,107,79.18732452392578,0.6736314296722412
2,108,161.881103515625,0.6715128421783447
2,109,206.00006103515625,0.673391580581665
2,110,219.59689331054688,0.6716432571411133
2,111,234.41302490234375,0.6781163215637207
2,112,39.658958435058594,0.6747057437896729
2,113,63.045379638671875,0.6748170852661133
2,114,516.6826171875,0.6765894889831543
2,115,261.9748840332031,0.6758649349212646
2,116,129.7021026611328,0.6748361587524414
2,117,112.21012115478516,0.6756579875946045
2,118,183.22361755371094,0.6723980903625488
2,119,261.7952880859375,0.6722056865692139
2,120,168.86758422851562,0.6712214946746826
2,121,79.12889862060547,0.6726734638214111
2,122,87.79768371582031,0.6723787784576416
2,123,222.81878662109375,0.6723134517669678
2,124,753.1915283203125,0.6710906028747559
2,125,68.06110382080078,0.6723964214324951
2,126,67.33081817626953,0.6715245246887207
2,127,203.103271484375,0.6728682518005371
2,128,142.53529357910156,0.6720483303070068
2,129,465.5625,0.6720290184020996
2,130,414.55999755859375,0.6721458435058594
2,131,122.86491394042969,0.6734263896942139
2,132,367.03497314453125,0.6726019382476807
2,133,81.01448822021484,0.6732299327850342
2,134,73.13397979736328,0.6733701229095459
2,135,189.00714111328125,0.6735556125640869
2,136,198.7018280029297,0.6723566055297852
2,137,550.7516479492188,0.6732618808746338
2,138,315.8120422363281,0.6715338230133057
2,139,182.904052734375,0.6742026805877686
2,140,285.1173400878906,0.6743524074554443
2,141,31.852195739746094,0.6756834983825684
2,142,173.19439697265625,0.6757922172546387
2,143,189.35829162597656,0.6747684478759766
2,144,411.9886474609375,0.6734600067138672
2,145,69.83016967773438,0.746196985244751
2,146,172.24307250976562,0.6755044460296631
2,147,222.8436279296875,0.6771924495697021
2,148,77.94892883300781,0.6746132373809814
2,149,360.69085693359375,0.6745829582214355
2,150,157.53968811035156,0.6724069118499756
2,151,624.5717163085938,0.6740756034851074
2,152,154.35269165039062,0.6715900897979736
2,153,75.34053039550781,0.6722080707550049
2,154,356.473876953125,0.6707451343536377
2,155,331.2052917480469,0.6730165481567383
2,156,208.96209716796875,0.6720972061157227
2,157,516.90087890625,0.6732914447784424
2,158,245.56680297851562,0.6716175079345703
2,159,127.31230163574219,0.6725203990936279
2,160,118.25546264648438,0.672053337097168
2,161,535.3870849609375,0.6734414100646973
2,162,134.42770385742188,0.6725893020629883
2,163,57.05719757080078,0.6726303100585938
2,164,641.002685546875,0.6716673374176025
2,165,321.67694091796875,0.6728701591491699
2,166,94.14339447021484,0.6720151901245117
2,167,57.13453674316406,0.6749286651611328
2,168,197.84938049316406,0.6750421524047852
2,169,535.9806518554688,0.6750240325927734
2,170,220.00779724121094,0.6736240386962891
2,171,51.270660400390625,0.6731195449829102
2,172,248.3276824951172,0.6725740432739258
2,173,550.003662109375,0.6719143390655518
2,174,112.84149932861328,0.6711862087249756
2,175,263.5740661621094,0.6739616394042969
2,176,214.2779998779297,0.6720006465911865
2,177,311.4350891113281,0.6718130111694336
2,178,93.71875762939453,0.6723403930664062
2,179,155.7970733642578,0.6725678443908691
2,180,69.23127746582031,0.6716389656066895
2,181,291.2976989746094,0.673393964767456
2,182,58.65214538574219,0.6716094017028809
2,183,332.18499755859375,0.673224925994873
2,184,292.2139587402344,0.6711657047271729
2,185,273.2315368652344,0.6720991134643555
2,186,291.81268310546875,0.6707963943481445
2,187,325.0240173339844,0.671673059463501
2,188,62.104801177978516,0.6712775230407715
2,189,44.673667907714844,0.6724023818969727
2,190,152.98316955566406,0.6707241535186768
2,191,44.2402229309082,0.6711273193359375
2,192,52.00613784790039,0.6730246543884277
2,193,10.508129119873047,0.6727650165557861
2,194,225.06520080566406,0.672727108001709
2,195,439.2670593261719,0.6726269721984863
2,196,130.93356323242188,0.6719450950622559
2,197,27.37607192993164,0.6721105575561523
2,198,7.526612281799316,0.5341112613677979
3,1,145.622802734375,0.6795382499694824
3,2,286.96630859375,0.6714270114898682
3,3,149.02340698242188,0.6714162826538086
3,4,288.83148193359375,0.6710300445556641
3,5,905.9354248046875,0.6718518733978271
3,6,207.10031127929688,0.671062707901001
3,7,100.35757446289062,0.6716821193695068
3,8,66.03181457519531,0.6712620258331299
3,9,28.255247116088867,0.6728930473327637
3,10,72.2773666381836,0.6704444885253906
3,11,111.28337097167969,0.6718697547912598
3,12,96.38298797607422,0.6715896129608154
3,13,114.93533325195312,0.6731798648834229
3,14,151.56573486328125,0.6709301471710205
3,15,231.0157928466797,0.6722652912139893
3,16,191.98110961914062,0.6708495616912842
3,17,62.3489990234375,0.6719317436218262
3,18,565.047607421875,0.6702656745910645
3,19,188.48406982421875,0.6716735363006592
3,20,62.11165237426758,0.6724498271942139
3,21,142.18231201171875,0.6726100444793701
3,22,294.8808288574219,0.6730489730834961
3,23,89.20928192138672,0.671938419342041
3,24,154.5130615234375,0.6709425449371338
3,25,202.3968963623047,0.6719036102294922
3,26,226.53594970703125,0.6712644100189209
3,27,57.531272888183594,0.6723718643188477
3,28,45.20903396606445,0.6727287769317627
3,29,150.54263305664062,0.672313928604126
3,30,128.58604431152344,0.6727404594421387
3,31,86.73023223876953,0.6718869209289551
3,32,74.62892150878906,0.6722502708435059
3,33,493.5857238769531,0.6731579303741455
3,34,197.57711791992188,0.6704189777374268
3,35,114.49910736083984,0.671795129776001
3,36,135.30538940429688,0.6720218658447266
3,37,273.52294921875,0.6723194122314453
3,38,175.49127197265625,0.6710243225097656
3,39,102.95176696777344,0.6732923984527588
3,40,176.69554138183594,0.6720535755157471
3,41,110.65567016601562,0.6723771095275879
3,42,111.85153198242188,0.6723856925964355
3,43,249.12632751464844,0.6715474128723145
3,44,198.20523071289062,0.6719627380371094
3,45,134.5934600830078,0.6725747585296631
3,46,131.96188354492188,0.6700501441955566
3,47,126.59812927246094,0.6717793941497803
3,48,61.93107604980469,0.6712796688079834
3,49,12.617986679077148,0.6735782623291016
3,50,135.32711791992188,0.6707162857055664
3,51,118.4920654296875,0.6728801727294922
3,52,73.1225357055664,0.6708624362945557
3,53,247.67385864257812,0.6724228858947754
3,54,223.99819946289062,0.6723101139068604
3,55,186.60142517089844,0.6731128692626953
3,56,81.64855194091797,0.6718852519989014
3,57,133.43502807617188,0.6721305847167969
3,58,110.89936065673828,0.6715002059936523
3,59,544.922607421875,0.6721024513244629
3,60,390.2989196777344,0.6717255115509033
3,61,110.89328002929688,0.6742630004882812
3,62,422.86956787109375,0.6713228225708008
3,63,120.66485595703125,0.673095703125
3,64,405.5972595214844,0.671475887298584
3,65,129.4501953125,0.6734158992767334
3,66,261.5564880371094,0.6731846332550049
3,67,325.1310729980469,0.6731114387512207
3,68,98.0342788696289,0.6728427410125732
3,69,118.65397644042969,0.6717085838317871
3,70,61.97722244262695,0.6714272499084473
3,71,307.61358642578125,0.6721513271331787
3,72,135.11334228515625,0.6708900928497314
3,73,130.85940551757812,0.6725153923034668
3,74,456.2828063964844,0.6708941459655762
3,75,19.645278930664062,0.6727149486541748
3,76,51.3098030090332,0.6717822551727295
3,77,581.4898681640625,0.6721742153167725
3,78,126.99468231201172,0.6722390651702881
3,79,62.86248779296875,0.6725344657897949
3,80,173.3486785888672,0.671372652053833
3,81,207.00238037109375,0.6745805740356445
3,82,57.808040618896484,0.6717681884765625
3,83,154.96939086914062,0.6716456413269043
3,84,177.4048309326172,0.6709880828857422
3,85,54.947975158691406,0.6724498271942139
3,86,196.42054748535156,0.6717498302459717
3,87,115.50462341308594,0.6735408306121826
3,88,79.41178131103516,0.671149730682373
3,89,190.76075744628906,0.6719198226928711
3,90,136.53390502929688,0.6711771488189697
3,91,53.16456604003906,0.6722898483276367
3,92,57.265384674072266,0.6727876663208008
3,93,387.0517272949219,0.6725127696990967
3,94,952.3345947265625,0.6710638999938965
3,95,55.076873779296875,0.6732125282287598
3,96,91.60098266601562,0.6714704036712646
3,97,544.4688720703125,0.672041654586792
3,98,154.92608642578125,0.6707398891448975
3,99,69.54854583740234,0.6726062297821045
3,100,324.1154479980469,0.6709740161895752
3,101,72.60356140136719,0.6738204956054688
3,102,242.3456268310547,0.6726846694946289
3,103,16.899700164794922,0.672048807144165
3,104,37.31340408325195,0.672050952911377
3,105,159.08924865722656,0.6715793609619141
3,106,149.77183532714844,0.6710400581359863
3,107,100.2605972290039,0.6726748943328857
3,108,476.1401672363281,0.6729164123535156
3,109,91.9317855834961,0.6720497608184814
3,110,214.6777801513672,0.6707911491394043
3,111,169.84494018554688,0.6721339225769043
3,112,267.6568603515625,0.6710419654846191
3,113,464.21624755859375,0.6712899208068848
3,114,253.1251983642578,0.6721336841583252
3,115,85.12513732910156,0.6714415550231934
3,116,315.9743347167969,0.6710093021392822
3,117,18.106708526611328,0.6725060939788818
3,118,106.69224548339844,0.6718723773956299
3,119,301.7386169433594,0.6732895374298096
3,120,237.7733917236328,0.6710748672485352
3,121,415.1291809082031,0.672844648361206
3,122,149.12278747558594,0.6713709831237793
3,123,149.5579071044922,0.6712749004364014
3,124,265.5129089355469,0.6707425117492676
3,125,134.91380310058594,0.6729531288146973
3,126,71.20259857177734,0.6724224090576172
3,127,171.2036895751953,0.671968936920166
3,128,79.1720962524414,0.6712162494659424
3,129,33.368282318115234,0.6725385189056396
3,130,86.26431274414062,0.672621488571167
3,131,121.64754486083984,0.6719353199005127
3,132,99.12615203857422,0.671044111251831
3,133,280.7773132324219,0.6717844009399414
3,134,187.48435974121094,0.6712565422058105
3,135,211.78143310546875,0.6725924015045166
3,136,137.4157257080078,0.6718637943267822
3,137,305.70867919921875,0.6715505123138428
3,138,240.57687377929688,0.6725790500640869
3,139,180.7478790283203,0.6726055145263672
3,140,153.76754760742188,0.6711349487304688
3,141,90.53839874267578,0.6717061996459961
3,142,438.1520690917969,0.6714715957641602
3,143,110.32952880859375,0.673936128616333
3,144,99.57466125488281,0.6711163520812988
3,145,283.51116943359375,0.6719036102294922
3,146,21.322717666625977,0.6709933280944824
3,147,74.07640838623047,0.6723847389221191
3,148,284.6390686035156,0.671302318572998
3,149,26.93803596496582,0.6725296974182129
3,150,171.72726440429688,0.6733131408691406
3,151,130.94467163085938,0.6745791435241699
3,152,287.1728210449219,0.6720075607299805
3,153,125.59903717041016,0.6723184585571289
3,154,209.13645935058594,0.6712436676025391
3,155,276.5775146484375,0.6719815731048584
3,156,100.04549407958984,0.6714329719543457
3,157,196.118896484375,0.672593355178833
3,158,190.0931396484375,0.6795628070831299
3,159,251.3990478515625,0.6750421524047852
3,160,275.2865295410156,0.676271915435791
3,161,71.89993286132812,0.6746013164520264
3,162,161.17181396484375,0.6732842922210693
3,163,35.845272064208984,0.6778473854064941
3,164,80.50237274169922,0.6755895614624023
3,165,269.4755859375,0.6722133159637451
3,166,49.98396682739258,0.6708354949951172
3,167,46.699527740478516,0.6721453666687012
3,168,360.60479736328125,0.6729123592376709
3,169,85.18109893798828,0.6730740070343018
3,170,79.15849304199219,0.6717331409454346
3,171,71.71868896484375,0.6723043918609619
3,172,770.7360229492188,0.6723356246948242
3,173,371.5848083496094,0.6721394062042236
3,174,57.06248474121094,0.6712753772735596
3,175,102.19937896728516,0.6718838214874268
3,176,58.4644660949707,0.671762228012085
3,177,248.25296020507812,0.6730542182922363
3,178,136.48440551757812,0.6712207794189453
3,179,16.991943359375,0.671440839767456
3,180,98.47227478027344,0.6710772514343262
3,181,110.61819458007812,0.6735153198242188
3,182,246.4120635986328,0.6709928512573242
3,183,387.2398681640625,0.6722173690795898
3,184,6.598145008087158,0.6709890365600586
3,185,399.6070251464844,0.6730687618255615
3,186,108.75756072998047,0.6715121269226074
3,187,337.9746398925781,0.6713345050811768
3,188,223.1977996826172,0.6708784103393555
3,189,92.76937103271484,0.6713204383850098
3,190,179.21241760253906,0.672501802444458
3,191,504.9179992675781,0.6732561588287354
3,192,80.06748962402344,0.6716873645782471
3,193,34.301849365234375,0.6734433174133301
3,194,231.08164978027344,0.6711311340332031
3,195,413.3912658691406,0.6726663112640381
3,196,492.428466796875,0.6767287254333496
3,197,186.5005340576172,0.6746814250946045
3,198,26.934188842773438,0.535832405090332
4,1,15.545323371887207,0.6761438846588135
4,2,294.8932800292969,0.6722958087921143
4,3,120.30046844482422,0.6707878112792969
4,4,100.23663330078125,0.6718399524688721
4,5,116.17851257324219,0.6716015338897705
4,6,77.02996826171875,0.6717758178710938
4,7,74.31787109375,0.670384407043457
4,8,67.21134185791016,0.6718642711639404
4,9,322.0619812011719,0.6714057922363281
4,10,41.68938446044922,0.6729691028594971
4,11,70.53121948242188,0.6719646453857422
4,12,144.18020629882812,0.6726016998291016
4,13,406.87042236328125,0.6723809242248535
4,14,253.00743103027344,0.6720123291015625
4,15,142.72039794921875,0.6720857620239258
4,16,52.709617614746094,0.6738889217376709
4,17,46.646793365478516,0.6701953411102295
4,18,353.0301208496094,0.673316478729248
4,19,138.8922119140625,0.6712722778320312
4,20,121.3552474975586,0.6722705364227295
4,21,79.37771606445312,0.6710619926452637
4,22,116.6529769897461,0.6717510223388672
4,23,263.59600830078125,0.6717245578765869
4,24,159.9678955078125,0.6723432540893555
4,25,188.85731506347656,0.6708552837371826
4,26,64.56655883789062,0.6736185550689697
4,27,71.79349517822266,0.6706020832061768
4,28,15.361871719360352,0.6719341278076172
4,29,166.3211669921875,0.6734778881072998
4,30,51.3253059387207,0.6726117134094238
4,31,164.1210479736328,0.6714556217193604
4,32,153.59786987304688,0.6730799674987793
4,33,234.4977264404297,0.6732456684112549
4,34,114.57833862304688,0.6729905605316162
4,35,178.4574432373047,0.6738605499267578
4,36,257.4208984375,0.6733002662658691
4,37,237.03125,0.6728906631469727
4,38,111.70549011230469,0.6734185218811035
4,39,108.13410949707031,0.671149492263794
4,40,482.4071350097656,0.6736116409301758
4,41,50.56796646118164,0.6706855297088623
4,42,36.67497634887695,0.6731102466583252
4,43,263.59136962890625,0.6708719730377197
4,44,60.8736572265625,0.671687126159668
4,45,107.91612243652344,0.6714823246002197
4,46,507.88446044921875,0.6724729537963867
4,47,66.8417739868164,0.6723320484161377
4,48,73.78633117675781,0.6722702980041504
4,49,174.50733947753906,0.6713502407073975
4,50,53.74009323120117,0.6726064682006836
4,51,350.6434631347656,0.6725218296051025
4,52,27.55714225769043,0.6718728542327881
4,53,23.270442962646484,0.6713387966156006
4,54,184.5947723388672,0.6747829914093018
4,55,204.82591247558594,0.6714940071105957
4,56,87.81791687011719,0.6720364093780518
4,57,383.1202392578125,0.6722455024719238
4,58,201.5072021484375,0.6731822490692139
4,59,37.13453674316406,0.6710896492004395
4,60,217.22418212890625,0.6719794273376465
4,61,200.6520233154297,0.6711409091949463
4,62,82.23004150390625,0.6741700172424316
4,63,189.1221160888672,0.6710140705108643
4,64,172.81939697265625,0.6723101139068604
4,65,56.64669418334961,0.6716365814208984
4,66,175.64259338378906,0.6731317043304443
4,67,324.0119934082031,0.6712801456451416
4,68,24.916309356689453,0.6725614070892334
4,69,220.93997192382812,0.6711668968200684
4,70,61.67246627807617,0.6716625690460205
4,71,21.49665069580078,0.6722803115844727
4,72,88.19467163085938,0.6718640327453613
4,73,117.70413208007812,0.6717753410339355
4,74,170.64077758789062,0.6744778156280518
4,75,314.2552795410156,0.6723227500915527
4,76,303.9517822265625,0.6722543239593506
4,77,207.86599731445312,0.6711559295654297
4,78,356.0491943359375,0.673011302947998
4,79,113.08164978027344,0.6712851524353027
4,80,178.26416015625,0.6735787391662598
4,81,66.99305725097656,0.6709976196289062
4,82,90.4041748046875,0.6719999313354492
4,83,166.17767333984375,0.6727030277252197
4,84,228.57289123535156,0.6724593639373779
4,85,66.75395202636719,0.6714956760406494
4,86,102.35626220703125,0.672677755355835
4,87,88.15928649902344,0.6719167232513428
4,88,71.73147583007812,0.6737232208251953
4,89,85.68077850341797,0.6723296642303467
4,90,881.5429077148438,0.6722314357757568
4,91,220.03570556640625,0.6709671020507812
4,92,63.87060546875,0.6727540493011475
4,93,114.64437103271484,0.6711723804473877
4,94,117.54481506347656,0.6729373931884766
4,95,311.2853698730469,0.6713371276855469
4,96,136.31759643554688,0.6722903251647949
4,97,104.43327331542969,0.6732325553894043
4,98,145.2470245361328,0.6735310554504395
4,99,249.89866638183594,0.6720566749572754
4,100,104.3257827758789,0.6737182140350342
4,101,192.6421661376953,0.6713030338287354
4,102,206.9919891357422,0.672889232635498
4,103,295.5210266113281,0.6718504428863525
4,104,111.82284545898438,0.6720926761627197
4,105,354.6683654785156,0.6719815731048584
4,106,54.162906646728516,0.6727590560913086
4,107,10.68885612487793,0.6715967655181885
4,108,271.9075927734375,0.6717572212219238
4,109,105.55229187011719,0.6715395450592041
4,110,59.11779022216797,0.6727142333984375
4,111,304.5245361328125,0.6716067790985107
4,112,164.50047302246094,0.6720519065856934
4,113,125.9844970703125,0.6718001365661621
4,114,196.1455078125,0.6725382804870605
4,115,411.1560363769531,0.6719441413879395
4,116,134.13717651367188,0.673011302947998
4,117,147.04244995117188,0.6713831424713135
4,118,185.78656005859375,0.6729319095611572
4,119,322.15679931640625,0.6731243133544922
4,120,81.79720306396484,0.6737291812896729
4,121,261.70550537109375,0.6714761257171631
4,122,99.34420776367188,0.6723103523254395
4,123,214.3959503173828,0.6714942455291748
4,124,265.27069091796875,0.676185131072998
4,125,100.02991485595703,0.6731090545654297
4,126,61.55270004272461,0.6720051765441895
4,127,85.09449005126953,0.671499490737915
4,128,306.20477294921875,0.6724424362182617
4,129,73.4390640258789,0.6724333763122559
4,130,128.70359802246094,0.6721665859222412
4,131,261.3363342285156,0.670968770980835
4,132,122.27445220947266,0.6722891330718994
4,133,82.57456970214844,0.6719131469726562
4,134,187.83740234375,0.6723523139953613
4,135,31.33244514465332,0.6708309650421143
4,136,113.35880279541016,0.6719474792480469
4,137,421.5099792480469,0.6732625961303711
4,138,229.47825622558594,0.6716454029083252
4,139,80.08283233642578,0.6712675094604492
4,140,327.140380859375,0.6729905605316162
4,141,113.42213439941406,0.6710805892944336
4,142,105.41411590576172,0.6722266674041748
4,143,46.355255126953125,0.6708261966705322
4,144,16.346649169921875,0.6722280979156494
4,145,13.141729354858398,0.6724770069122314
4,146,68.74830627441406,0.6729772090911865
4,147,165.7378387451172,0.6725373268127441
4,148,161.66831970214844,0.6730127334594727
4,149,69.37804412841797,0.6709082126617432
4,150,32.22993087768555,0.672236442565918
4,151,183.92001342773438,0.6711471080780029
4,152,173.9989471435547,0.6721978187561035
4,153,140.3849334716797,0.6708810329437256
4,154,234.1351318359375,0.6727283000946045
4,155,239.0635223388672,0.6731240749359131
4,156,230.22425842285156,0.6734030246734619
4,157,155.6528778076172,0.6714746952056885
4,158,159.40792846679688,0.6738243103027344
4,159,78.9479751586914,0.672868013381958
4,160,104.76728820800781,0.6735389232635498
4,161,83.52510070800781,0.671135425567627
4,162,101.04393005371094,0.6726491451263428
4,163,201.03985595703125,0.6713714599609375
4,164,166.76356506347656,0.6729776859283447
4,165,91.5060043334961,0.6732265949249268
4,166,516.2770385742188,0.671746015548706
4,167,62.16835021972656,0.6712889671325684
4,168,100.42271423339844,0.6740617752075195
4,169,349.93292236328125,0.6723635196685791
4,170,114.85515594482422,0.6726734638214111
4,171,148.81753540039062,0.6713685989379883
4,172,413.37060546875,0.6724698543548584
4,173,508.12225341796875,0.6711804866790771
4,174,65.55899047851562,0.6737403869628906
4,175,51.811641693115234,0.6745901107788086
4,176,323.18292236328125,0.6723284721374512
4,177,404.9140625,0.670933723449707
4,178,319.7633972167969,0.6717209815979004
4,179,232.21194458007812,0.6713590621948242
4,180,284.5592346191406,0.673363208770752
4,181,71.05433654785156,0.6723058223724365
4,182,41.87727355957031,0.6727437973022461
4,183,371.46514892578125,0.6716465950012207
4,184,102.02322387695312,0.6737279891967773
4,185,194.1851348876953,0.6723065376281738
4,186,106.50888061523438,0.6721651554107666
4,187,126.79141998291016,0.6723272800445557
4,188,295.713623046875,0.6728687286376953
4,189,55.63128662109375,0.6721312999725342
4,190,156.08265686035156,0.6733424663543701
4,191,65.979248046875,0.6709039211273193
4,192,112.85497283935547,0.6729769706726074
4,193,80.9964599609375,0.6715030670166016
4,194,39.7835578918457,0.6735813617706299
4,195,87.24581146240234,0.6712040901184082
4,196,306.88568115234375,0.6734318733215332
4,197,124.3554916381836,0.6724777221679688
4,198,82.46939086914062,0.5358269214630127
5,1,186.2461700439453,0.6767919063568115
5,2,37.700477600097656,0.6724214553833008
5,3,103.11331176757812,0.6717231273651123
5,4,217.19046020507812,0.6717386245727539
5,5,119.43601989746094,0.6714847087860107
5,6,59.700801849365234,0.6737148761749268
5,7,30.887052536010742,0.6733791828155518
5,8,534.0531616210938,0.6728203296661377
5,9,76.18193054199219,0.6716647148132324
5,10,15.032157897949219,0.6716749668121338
5,11,283.1712341308594,0.6707441806793213
5,12,91.31598663330078,0.6728687286376953
5,13,153.57806396484375,0.6725246906280518
5,14,50.07685470581055,0.6718380451202393
5,15,164.63601684570312,0.671893835067749
5,16,206.25767517089844,0.6715054512023926
5,17,138.377685546875,0.6707663536071777
5,18,32.67734146118164,0.6733088493347168
5,19,306.20263671875,0.6726360321044922
5,20,64.70924377441406,0.6716382503509521
5,21,12.032670974731445,0.6710796356201172
5,22,92.2446517944336,0.6711814403533936
5,23,89.54371643066406,0.6728105545043945
5,24,106.15925598144531,0.672321081161499
5,25,728.5880737304688,0.6725232601165771
5,26,139.62930297851562,0.673267126083374
5,27,270.64593505859375,0.6708571910858154
5,28,282.07476806640625,0.6742832660675049
5,29,134.9837188720703,0.671558141708374
5,30,154.98939514160156,0.6718347072601318
5,31,144.15342712402344,0.6722934246063232
5,32,40.30604934692383,0.6735341548919678
5,33,175.45542907714844,0.6721794605255127
5,34,91.3077392578125,0.6720325946807861
5,35,176.70986938476562,0.6726903915405273
5,36,289.1397705078125,0.6717166900634766
5,37,166.85299682617188,0.6715450286865234
5,38,248.11666870117188,0.6718990802764893
5,39,64.9646224975586,0.6704566478729248
5,40,114.90533447265625,0.6717770099639893
5,41,147.3304443359375,0.6707324981689453
5,42,205.9361114501953,0.6720499992370605
5,43,51.010826110839844,0.6709024906158447
5,44,276.3572692871094,0.6727893352508545
5,45,401.52728271484375,0.672738790512085
5,46,273.6150817871094,0.6729023456573486
5,47,108.40873718261719,0.6708400249481201
5,48,212.18572998046875,0.6732289791107178
5,49,71.09332275390625,0.6709952354431152
5,50,152.79954528808594,0.6722414493560791
5,51,98.17208862304688,0.6730465888977051
5,52,77.0520248413086,0.6721706390380859
5,53,77.65747833251953,0.6710457801818848
5,54,227.79373168945312,0.6721820831298828
5,55,75.92485046386719,0.6724374294281006
5,56,40.35884475708008,0.6713967323303223
5,57,36.46405792236328,0.6718096733093262
5,58,98.86225128173828,0.6716535091400146
5,59,108.33673858642578,0.6710669994354248
5,60,32.89418029785156,0.6714189052581787
5,61,120.31051635742188,0.6717851161956787
5,62,42.576995849609375,0.6726069450378418
5,63,107.98799133300781,0.6708188056945801
5,64,91.04068756103516,0.6718823909759521
5,65,207.77500915527344,0.672088623046875
5,66,136.97927856445312,0.6715726852416992
5,67,44.91246032714844,0.6712312698364258
5,68,166.87762451171875,0.6728379726409912
5,69,127.83345031738281,0.6711874008178711
5,70,86.36988830566406,0.6717712879180908
5,71,116.8916244506836,0.6706469058990479
5,72,38.332069396972656,0.673058032989502
5,73,68.89644622802734,0.6709747314453125
5,74,204.06268310546875,0.6716365814208984
5,75,262.2923278808594,0.6709539890289307
5,76,159.2537841796875,0.671501636505127
5,77,101.03689575195312,0.6712937355041504
5,78,104.8630599975586,0.6713359355926514
5,79,90.40055847167969,0.6713941097259521
5,80,114.11986541748047,0.6722254753112793
5,81,134.57028198242188,0.6714911460876465
5,82,56.4179573059082,0.6726620197296143
5,83,130.35386657714844,0.6711568832397461
5,84,304.79144287109375,0.6727895736694336
5,85,100.21231079101562,0.6719088554382324
5,86,104.99021911621094,0.6717853546142578
5,87,93.37593078613281,0.6721737384796143
5,88,67.18252563476562,0.6733057498931885
5,89,146.2663116455078,0.6724157333374023
5,90,32.9510498046875,0.673306941986084
5,91,12.402594566345215,0.6710927486419678
5,92,149.87437438964844,0.6712784767150879
5,93,70.81715393066406,0.6724448204040527
5,94,98.08000183105469,0.6718535423278809
5,95,52.939762115478516,0.670795202255249
5,96,125.7904281616211,0.6716809272766113
5,97,94.7966537475586,0.6712520122528076
5,98,228.81492614746094,0.6717426776885986
5,99,251.0626983642578,0.6715149879455566
5,100,276.1741027832031,0.672515869140625
5,101,37.3929443359375,0.6716690063476562
5,102,147.13973999023438,0.6734676361083984
5,103,104.70447540283203,0.6712632179260254
5,104,48.435821533203125,0.6727826595306396
5,105,189.11203002929688,0.6729061603546143
5,106,327.51458740234375,0.6739449501037598
5,107,49.10696029663086,0.673255205154419
5,108,143.68246459960938,0.6750197410583496
5,109,139.11239624023438,0.6726284027099609
5,110,186.95118713378906,0.6718599796295166
5,111,225.47299194335938,0.6709854602813721
5,112,17.377439498901367,0.6736772060394287
5,113,174.11114501953125,0.6720483303070068
5,114,138.71237182617188,0.6723494529724121
5,115,207.02761840820312,0.670684814453125
5,116,50.459381103515625,0.6733646392822266
5,117,91.84202575683594,0.6709661483764648
5,118,64.52782440185547,0.6738181114196777
5,119,77.31188201904297,0.6712043285369873
5,120,65.64155578613281,0.6719155311584473
5,121,325.0758056640625,0.6715950965881348
5,122,56.513397216796875,0.6738357543945312
5,123,962.0877075195312,0.6710653305053711
5,124,302.20654296875,0.6735107898712158
5,125,8.539436340332031,0.6707162857055664
5,126,25.631593704223633,0.6721076965332031
5,127,382.05755615234375,0.6720566749572754
5,128,128.0108184814453,0.6735332012176514
5,129,117.44696807861328,0.6714928150177002
5,130,236.46334838867188,0.6733856201171875
5,131,307.8123779296875,0.6715295314788818
5,132,194.50466918945312,0.6716530323028564
5,133,118.96694946289062,0.6716635227203369
5,134,94.2235336303711,0.6724715232849121
5,135,224.33529663085938,0.673288106918335
5,136,111.36421203613281,0.6723158359527588
5,137,242.41244506835938,0.6724298000335693
5,138,60.16038513183594,0.673210859298706
5,139,363.1690979003906,0.6724824905395508
5,140,432.3565979003906,0.6734063625335693
5,141,135.33824157714844,0.670922040939331
5,142,127.76702880859375,0.6729559898376465
5,143,143.29759216308594,0.6715776920318604
5,144,305.00433349609375,0.6732540130615234
5,145,192.58981323242188,0.671137809753418
5,146,37.40959930419922,0.6734132766723633
5,147,465.4849548339844,0.6706860065460205
5,148,75.05875396728516,0.6717090606689453
5,149,63.33649444580078,0.6728713512420654
5,150,65.99987030029297,0.6733376979827881
5,151,147.00624084472656,0.6725330352783203
5,152,795.1701049804688,0.6723201274871826
5,153,248.64630126953125,0.6725811958312988
5,154,162.7456817626953,0.671867847442627
5,155,205.31565856933594,0.6708476543426514
5,156,231.1166229248047,0.6722581386566162
5,157,153.10806274414062,0.6710178852081299
5,158,203.12298583984375,0.6724987030029297
5,159,126.43928527832031,0.671637773513794
5,160,46.213863372802734,0.6722831726074219
5,161,74.56721496582031,0.6711547374725342
5,162,114.87419891357422,0.6721980571746826
5,163,31.725914001464844,0.6718630790710449
5,164,163.33566284179688,0.674004316329956
5,165,153.2937469482422,0.6712546348571777
5,166,116.82057189941406,0.6715512275695801
5,167,114.2794189453125,0.6738905906677246
5,168,249.82061767578125,0.6733837127685547
5,169,258.8249816894531,0.6713266372680664
5,170,105.22213745117188,0.6712782382965088
5,171,337.4379577636719,0.6721827983856201
5,172,545.1890869140625,0.6717844009399414
5,173,74.07768249511719,0.6715409755706787
5,174,206.4926300048828,0.6726813316345215
5,175,194.96548461914062,0.6720232963562012
5,176,126.14097595214844,0.673426628112793
5,177,97.25528717041016,0.6714086532592773
5,178,189.65740966796875,0.6722118854522705
5,179,643.5828857421875,0.6708085536956787
5,180,111.13489532470703,0.671940803527832
5,181,97.12088012695312,0.6727309226989746
5,182,166.5088348388672,0.6713235378265381
5,183,202.00344848632812,0.67203688621521
5,184,87.9731216430664,0.6716752052307129
5,185,22.41295623779297,0.6711170673370361
5,186,133.74362182617188,0.6733543872833252
5,187,252.9676055908203,0.6712596416473389
5,188,230.5198516845703,0.671961784362793
5,189,332.5234069824219,0.671431303024292
5,190,227.08827209472656,0.6712019443511963
5,191,304.88409423828125,0.6718833446502686
5,192,294.1044921875,0.6735048294067383
5,193,169.79879760742188,0.6720890998840332
5,194,123.00090789794922,0.6733860969543457
5,195,65.18931579589844,0.6707522869110107
5,196,120.42781066894531,0.6716451644897461
5,197,109.43025207519531,0.670788049697876
5,198,119.50348663330078,0.5351731777191162
6,1,105.30057525634766,0.6793642044067383
6,2,102.99851989746094,0.6733648777008057
6,3,73.02635955810547,0.6731462478637695
6,4,88.64479064941406,0.6726484298706055
6,5,273.55047607421875,0.6719982624053955
6,6,91.73004150390625,0.6717972755432129
6,7,72.58100891113281,0.6721091270446777
6,8,55.814388275146484,0.6715459823608398
6,9,71.89643096923828,0.6720662117004395
6,10,308.0538330078125,0.6710927486419678
6,11,78.55796813964844,0.6736338138580322
6,12,60.921722412109375,0.6713390350341797
6,13,58.19105529785156,0.6719977855682373
6,14,20.039216995239258,0.670957088470459
6,15,147.8769073486328,0.6722939014434814
6,16,52.11850357055664,0.6722416877746582
6,17,103.58306121826172,0.6715962886810303
6,18,189.542236328125,0.6709959506988525
6,19,159.78915405273438,0.6730794906616211
6,20,275.8866271972656,0.6714837551116943
6,21,53.41792678833008,0.6729280948638916
6,22,12.98103141784668,0.6712024211883545
6,23,23.42314338684082,0.6720914840698242
6,24,70.83514404296875,0.6730008125305176
6,25,25.615867614746094,0.6717255115509033
6,26,52.334877014160156,0.6714916229248047
6,27,95.9960708618164,0.6721823215484619
6,28,20.2981014251709,0.6714036464691162
6,29,148.4075927734375,0.672935962677002
6,30,206.4045867919922,0.6724920272827148
6,31,272.7873229980469,0.6718158721923828
6,32,148.0755157470703,0.6713471412658691
6,33,39.663455963134766,0.6719341278076172
6,34,99.08966064453125,0.6705474853515625
6,35,132.0429229736328,0.6733260154724121
6,36,206.97647094726562,0.6712875366210938
6,37,49.66291046142578,0.6723489761352539
6,38,94.7564697265625,0.6715881824493408
6,39,252.8002166748047,0.6716351509094238
6,40,296.3509216308594,0.6715643405914307
6,41,2.4764411449432373,0.6715052127838135
6,42,151.7192840576172,0.6711807250976562
6,43,74.92262268066406,0.6721746921539307
6,44,77.1895980834961,0.6709427833557129
6,45,192.11798095703125,0.6726536750793457
6,46,104.01982879638672,0.6708118915557861
6,47,42.04026794433594,0.6739542484283447
6,48,449.31103515625,0.6705374717712402
6,49,11.092508316040039,0.672234296798706
6,50,9.823271751403809,0.67140793800354
6,51,151.69918823242188,0.671565055847168
6,52,91.01727294921875,0.6725893020629883
6,53,67.55807495117188,0.6715712547302246
6,54,92.05799865722656,0.6705636978149414
6,55,56.375083923339844,0.672121524810791
6,56,157.27928161621094,0.6713190078735352
6,57,117.00125122070312,0.6727921962738037
6,58,384.4288330078125,0.6713399887084961
6,59,75.7906494140625,0.673088788986206
6,60,135.8068389892578,0.671379804611206
6,61,64.20064544677734,0.6734886169433594
6,62,191.1471710205078,0.67120361328125
6,63,86.63119506835938,0.6734049320220947
6,64,592.9942626953125,0.6728007793426514
6,65,113.24536895751953,0.6719934940338135
6,66,161.0784149169922,0.670875072479248
6,67,136.212646484375,0.6719167232513428
6,68,28.660310745239258,0.671311616897583
6,69,125.93798065185547,0.6724028587341309
6,70,215.8173065185547,0.6707015037536621
6,71,99.42803955078125,0.6733269691467285
6,72,151.40505981445312,0.6716036796569824
6,73,166.0066375732422,0.6713719367980957
6,74,124.54501342773438,0.6708488464355469
6,75,99.01862335205078,0.6720387935638428
6,76,141.05474853515625,0.6706387996673584
6,77,211.7699737548828,0.6718502044677734
6,78,104.67047119140625,0.6726176738739014
6,79,137.5836181640625,0.6733274459838867
6,80,275.76885986328125,0.6712853908538818
6,81,50.451171875,0.6716833114624023
6,82,312.37750244140625,0.670893669128418
6,83,33.32890319824219,0.6721303462982178
6,84,159.76869201660156,0.6708583831787109
6,85,181.26002502441406,0.671746015548706
6,86,30.85409927368164,0.6716034412384033
6,87,86.50779724121094,0.6723847389221191
6,88,55.604671478271484,0.6720852851867676
6,89,162.38648986816406,0.6722698211669922
6,90,102.47178649902344,0.672882080078125
6,91,43.270450592041016,0.6719009876251221
6,92,46.682167053222656,0.6714332103729248
6,93,114.8338623046875,0.6727795600891113
6,94,289.1664123535156,0.6722531318664551
6,95,103.68025970458984,0.6724305152893066
6,96,29.144922256469727,0.6716415882110596
6,97,12.404912948608398,0.6717841625213623
6,98,102.4743881225586,0.6722269058227539
6,99,22.64415740966797,0.672194242477417
6,100,158.31466674804688,0.6729328632354736
6,101,201.5684814453125,0.6732587814331055
6,102,80.7608642578125,0.6712188720703125
6,103,83.82994079589844,0.673107385635376
6,104,31.417081832885742,0.671187162399292
6,105,25.789743423461914,0.6715636253356934
6,106,290.78607177734375,0.6711821556091309
6,107,205.97740173339844,0.6724815368652344
6,108,156.92703247070312,0.6715538501739502
6,109,222.5356903076172,0.6728801727294922
6,110,25.887252807617188,0.6713917255401611
6,111,58.90342712402344,0.6721744537353516
6,112,319.3707275390625,0.6724452972412109
6,113,124.98280334472656,0.6718556880950928
6,114,35.49358367919922,0.6710646152496338
6,115,207.88327026367188,0.6720569133758545
6,116,184.52017211914062,0.6723458766937256
6,117,170.12045288085938,0.6721346378326416
6,118,17.2266788482666,0.671837568283081
6,119,58.9005241394043,0.6727712154388428
6,120,185.40899658203125,0.6711599826812744
6,121,59.17598342895508,0.6720592975616455
6,122,213.77235412597656,0.6716101169586182
6,123,8.408841133117676,0.6718804836273193
6,124,121.59127044677734,0.6725692749023438
6,125,279.3013000488281,0.6723527908325195
6,126,490.659423828125,0.6725871562957764
6,127,274.02978515625,0.6733248233795166
6,128,374.0223388671875,0.6709344387054443
6,129,127.24494171142578,0.6728634834289551
6,130,106.63138580322266,0.6717863082885742
6,131,69.27947235107422,0.6740374565124512
6,132,415.7297058105469,0.6714646816253662
6,133,40.971405029296875,0.6725733280181885
6,134,205.34629821777344,0.6727995872497559
6,135,256.5094909667969,0.6726469993591309
6,136,91.14253997802734,0.6721830368041992
6,137,139.16725158691406,0.6719942092895508
6,138,238.08541870117188,0.6711957454681396
6,139,235.8435821533203,0.6723928451538086
6,140,83.96029663085938,0.6705427169799805
6,141,74.94709777832031,0.6723270416259766
6,142,223.91224670410156,0.6713657379150391
6,143,52.41994857788086,0.6741771697998047
6,144,96.58312225341797,0.6720576286315918
6,145,110.45249938964844,0.6741840839385986
6,146,18.237367630004883,0.6718111038208008
6,147,125.28246307373047,0.6724491119384766
6,148,129.38743591308594,0.6715245246887207
6,149,129.42234802246094,0.6732344627380371
6,150,58.842063903808594,0.671072244644165
6,151,89.21259307861328,0.6732594966888428
6,152,69.53752136230469,0.6716187000274658
6,153,333.1319885253906,0.672069787979126
6,154,100.24058532714844,0.6718878746032715
6,155,9.665771484375,0.6737349033355713
6,156,57.038177490234375,0.6715316772460938
6,157,88.50189208984375,0.6715145111083984
6,158,138.58798217773438,0.6711623668670654
6,159,69.79073333740234,0.6729621887207031
6,160,220.64205932617188,0.6716616153717041
6,161,11.813028335571289,0.6721963882446289
6,162,4.733781337738037,0.6713879108428955
6,163,94.48019409179688,0.6730141639709473
6,164,231.25218200683594,0.6728215217590332
6,165,255.99310302734375,0.6726608276367188
6,166,73.05268096923828,0.6727306842803955
6,167,23.043474197387695,0.6738204956054688
6,168,118.74274444580078,0.6714725494384766
6,169,256.5471496582031,0.6726059913635254
6,170,202.10671997070312,0.6715002059936523
6,171,47.76942443847656,0.6726686954498291
6,172,80.95272827148438,0.6729381084442139
6,173,243.9844970703125,0.6722159385681152
6,174,27.22083282470703,0.6713473796844482
6,175,344.7156066894531,0.6729991436004639
6,176,36.28584671020508,0.6721725463867188
6,177,25.738889694213867,0.6766586303710938
6,178,275.0861511230469,0.6742072105407715
6,179,36.50541687011719,0.6761388778686523
6,180,214.64578247070312,0.6754288673400879
6,181,72.28111267089844,0.6779510974884033
6,182,233.18106079101562,0.6749022006988525
6,183,95.18498229980469,0.6726233959197998
6,184,216.38050842285156,0.6715729236602783
6,185,87.70834350585938,0.6727712154388428
6,186,194.31765747070312,0.6715340614318848
6,187,64.58277893066406,0.6731891632080078
6,188,117.63484954833984,0.6725935935974121
6,189,70.44635772705078,0.6733729839324951
6,190,31.58820343017578,0.6731805801391602
6,191,94.44358825683594,0.6733193397521973
6,192,217.24478149414062,0.6729393005371094
6,193,122.01802825927734,0.6729974746704102
6,194,96.9115982055664,0.6722567081451416
6,195,282.7828369140625,0.6727917194366455
6,196,323.7113342285156,0.6725494861602783
6,197,74.52998352050781,0.6718459129333496
6,198,84.09603118896484,0.5348343849182129
7,1,123.20829010009766,0.6843733787536621
7,2,33.93130874633789,0.6727828979492188
7,3,95.4941177368164,0.6720852851867676
7,4,87.82279205322266,0.6720657348632812
7,5,46.15069580078125,0.6722421646118164
7,6,87.74314880371094,0.6713166236877441
7,7,49.975013732910156,0.6721780300140381
7,8,60.57829666137695,0.67275071144104
7,9,53.77666091918945,0.6722254753112793
7,10,203.2733154296875,0.6713302135467529
7,11,9.567852973937988,0.6735546588897705
7,12,100.20478820800781,0.6723260879516602
7,13,20.2473201751709,0.6717956066131592
7,14,237.697021484375,0.6723966598510742
7,15,37.00278854370117,0.672548770904541
7,16,408.6154479980469,0.6710081100463867
7,17,179.82778930664062,0.6720666885375977
7,18,236.94366455078125,0.6723484992980957
7,19,90.69596099853516,0.6722378730773926
7,20,137.83419799804688,0.6709983348846436
7,21,219.2372283935547,0.6720671653747559
7,22,18.15546417236328,0.6715056896209717
7,23,43.59585952758789,0.6714074611663818
7,24,214.3555145263672,0.6710336208343506
7,25,263.9092102050781,0.6717252731323242
7,26,111.6735610961914,0.6710960865020752
7,27,279.9423828125,0.6733174324035645
7,28,315.2323913574219,0.6708996295928955
7,29,72.56359100341797,0.6723945140838623
7,30,33.84463119506836,0.6729557514190674
7,31,34.06139373779297,0.6731722354888916
7,32,64.6039047241211,0.671180009841919
7,33,494.9651794433594,0.6728553771972656
7,34,95.95860290527344,0.6729707717895508
7,35,115.10072326660156,0.6720807552337646
7,36,32.92123031616211,0.6706137657165527
7,37,92.93528747558594,0.6742863655090332
7,38,50.688907623291016,0.67179274559021
7,39,49.171695709228516,0.6742377281188965
7,40,101.37251281738281,0.6715302467346191
7,41,65.44668579101562,0.6726205348968506
7,42,134.5704345703125,0.6727418899536133
7,43,18.89918327331543,0.6717674732208252
7,44,61.061920166015625,0.670712947845459
7,45,50.40967559814453,0.6718535423278809
7,46,134.8983154296875,0.6717729568481445
7,47,126.44111633300781,0.6735637187957764
7,48,149.5443572998047,0.671405553817749
7,49,29.336177825927734,0.671705961227417
7,50,272.0406188964844,0.6715238094329834
7,51,22.683387756347656,0.6730341911315918
7,52,76.16943359375,0.6726934909820557
7,53,79.98597717285156,0.6718761920928955
7,54,47.00459671020508,0.6713817119598389
7,55,26.193836212158203,0.673743486404419
7,56,91.29615020751953,0.6717092990875244
7,57,65.02727508544922,0.6720230579376221
7,58,154.2800750732422,0.6709496974945068
7,59,64.30451202392578,0.6727139949798584
7,60,51.69841003417969,0.6722807884216309
7,61,70.04364776611328,0.6720764636993408
7,62,410.3095703125,0.6712901592254639
7,63,60.37907028198242,0.6721549034118652
7,64,72.82917022705078,0.6710183620452881
7,65,23.301799774169922,0.6730093955993652
7,66,29.918933868408203,0.6708903312683105
7,67,74.4410400390625,0.6715695858001709
7,68,43.764984130859375,0.6721599102020264
7,69,182.3141632080078,0.6725475788116455
7,70,36.431480407714844,0.6705691814422607
7,71,187.5460968017578,0.6724598407745361
7,72,65.4545669555664,0.6709792613983154
7,73,108.2792739868164,0.6718955039978027
7,74,13.077642440795898,0.6724956035614014
7,75,21.76665687561035,0.671804666519165
7,76,211.13645935058594,0.672182559967041
7,77,262.40460205078125,0.6716558933258057
7,78,21.948759078979492,0.6725571155548096
7,79,132.35679626464844,0.6721546649932861
7,80,192.02052307128906,0.6716206073760986
7,81,41.88496398925781,0.6722702980041504
7,82,23.715534210205078,0.6713709831237793
7,83,123.54808807373047,0.6718287467956543
7,84,211.38368225097656,0.6715681552886963
7,85,55.90713119506836,0.6716465950012207
7,86,23.463544845581055,0.6721043586730957
7,87,78.36376953125,0.6718940734863281
7,88,158.4385986328125,0.671562671661377
7,89,88.67498016357422,0.671562671661377
7,90,126.61287689208984,0.6711597442626953
7,91,80.60686492919922,0.6717948913574219
7,92,84.68455505371094,0.6709544658660889
7,93,136.6527099609375,0.6719753742218018
7,94,2.4299519062042236,0.6705689430236816
7,95,98.24584197998047,0.6721353530883789
7,96,91.45498657226562,0.6730058193206787
7,97,174.01983642578125,0.6727542877197266
7,98,48.989768981933594,0.6713752746582031
7,99,155.44195556640625,0.6724352836608887
7,100,82.94981384277344,0.6727218627929688
7,101,110.98089599609375,0.6728322505950928
7,102,76.36583709716797,0.6713390350341797
7,103,56.14147186279297,0.6720771789550781
7,104,142.75100708007812,0.6716194152832031
7,105,20.23006820678711,0.6717078685760498
7,106,60.04231262207031,0.671694278717041
7,107,128.1509552001953,0.6722853183746338
7,108,46.89676284790039,0.6713583469390869
7,109,27.328216552734375,0.6727111339569092
7,110,70.00752258300781,0.6732289791107178
7,111,91.4043197631836,0.6728224754333496
7,112,118.39218139648438,0.670525312423706
7,113,43.16503143310547,0.671837329864502
7,114,119.52965545654297,0.6719872951507568
7,115,304.7980651855469,0.6722691059112549
7,116,49.964332580566406,0.6726551055908203
7,117,88.44339752197266,0.6718056201934814
7,118,56.06173324584961,0.6733779907226562
7,119,17.66288948059082,0.6720919609069824
7,120,24.248004913330078,0.6711471080780029
7,121,45.787193298339844,0.6716046333312988
7,122,121.9492416381836,0.6722548007965088
7,123,57.902557373046875,0.6721773147583008
7,124,42.67963790893555,0.6720643043518066
7,125,21.704328536987305,0.6716220378875732
7,126,133.573974609375,0.6717963218688965
7,127,481.81689453125,0.6719024181365967
7,128,136.1888885498047,0.6706840991973877
7,129,49.7125358581543,0.6725397109985352
7,130,176.32562255859375,0.6720011234283447
7,131,244.5120391845703,0.6720569133758545
7,132,28.705219268798828,0.6728003025054932
7,133,84.07736206054688,0.6722419261932373
7,134,187.185546875,0.6714379787445068
7,135,50.739463806152344,0.6730248928070068
7,136,175.5936737060547,0.6707987785339355
7,137,13.302242279052734,0.6719989776611328
7,138,110.72693634033203,0.6711812019348145
7,139,82.7720947265625,0.6731810569763184
7,140,240.68621826171875,0.670879602432251
7,141,98.97502136230469,0.6722838878631592
7,142,458.4162902832031,0.6721940040588379
7,143,124.0804214477539,0.6715102195739746
7,144,41.8807487487793,0.6725194454193115
7,145,44.25699234008789,0.6736788749694824
7,146,80.07797241210938,0.671074628829956
7,147,153.7678985595703,0.6723189353942871
7,148,75.1593246459961,0.6715271472930908
7,149,55.13692092895508,0.6722981929779053
7,150,31.717195510864258,0.6724989414215088
7,151,114.47038269042969,0.6718409061431885
7,152,61.635719299316406,0.6711404323577881
7,153,43.132022857666016,0.6719305515289307
7,154,17.175874710083008,0.6709043979644775
7,155,108.99855041503906,0.6719205379486084
7,156,280.0566101074219,0.6724870204925537
7,157,75.63763427734375,0.6720864772796631
7,158,41.77882385253906,0.6718270778656006
7,159,41.672786712646484,0.6715390682220459
7,160,624.5835571289062,0.6708633899688721
7,161,9.166374206542969,0.672858715057373
7,162,242.97897338867188,0.6705954074859619
7,163,105.47472381591797,0.6730775833129883
7,164,86.3814926147461,0.6725876331329346
7,165,257.1592102050781,0.6731140613555908
7,166,90.63286590576172,0.6715917587280273
7,167,101.50627899169922,0.6718947887420654
7,168,59.002811431884766,0.6723451614379883
7,169,91.4161605834961,0.6714322566986084
7,170,25.40020751953125,0.6712062358856201
7,171,98.8541259765625,0.6718146800994873
7,172,14.30514144897461,0.6710076332092285
7,173,40.37003707885742,0.6722297668457031
7,174,76.75724792480469,0.6719319820404053
7,175,206.4110565185547,0.6740164756774902
7,176,59.15171813964844,0.6718769073486328
7,177,55.767005920410156,0.6714663505554199
7,178,30.19170570373535,0.671438455581665
7,179,121.96231842041016,0.6715421676635742
7,180,171.75428771972656,0.6726994514465332
7,181,12.989794731140137,0.6720459461212158
7,182,50.30039596557617,0.672203540802002
7,183,37.77704620361328,0.6734738349914551
7,184,57.21486282348633,0.6711533069610596
7,185,25.685916900634766,0.6717281341552734
7,186,352.6134338378906,0.6711914539337158
7,187,179.6680145263672,0.673386812210083
7,188,30.342670440673828,0.6720037460327148
7,189,154.5928192138672,0.6721978187561035
7,190,34.160152435302734,0.6710543632507324
7,191,25.247529983520508,0.6725797653198242
7,192,39.84367370605469,0.6709995269775391
7,193,62.58551025390625,0.6718578338623047
7,194,3.997311592102051,0.6711289882659912
7,195,27.161893844604492,0.673417329788208
7,196,15.849148750305176,0.6714975833892822
7,197,557.3804931640625,0.6729042530059814
7,198,249.61605834960938,0.5345149040222168
8,1,112.76817321777344,0.6780483722686768
8,2,57.17657470703125,0.6725950241088867
8,3,137.355712890625,0.6725928783416748
8,4,56.488338470458984,0.6720786094665527
8,5,32.5849723815918,0.673112154006958
8,6,149.66778564453125,0.6729555130004883
8,7,48.01469802856445,0.672523021697998
8,8,361.0206298828125,0.6730630397796631
8,9,206.3220672607422,0.6714544296264648
8,10,96.67875671386719,0.6721265316009521
8,11,69.69795227050781,0.6712989807128906
8,12,216.14910888671875,0.6724636554718018
8,13,174.8491668701172,0.6709742546081543
8,14,42.38288879394531,0.6726958751678467
8,15,130.6902313232422,0.6714498996734619
8,16,143.02732849121094,0.6742823123931885
8,17,232.66085815429688,0.6739976406097412
8,18,44.82545471191406,0.6765749454498291
8,19,43.3872184753418,0.6730947494506836
8,20,69.72644805908203,0.6739206314086914
8,21,28.237253189086914,0.6737523078918457
8,22,187.72555541992188,0.6733493804931641
8,23,37.98434066772461,0.6718521118164062
8,24,43.26877975463867,0.6734380722045898
8,25,359.7849426269531,0.6713645458221436
8,26,86.00039672851562,0.6724867820739746
8,27,98.11292266845703,0.6728024482727051
8,28,17.964380264282227,0.6732358932495117
8,29,49.192501068115234,0.6708934307098389
8,30,145.8321990966797,0.6731235980987549
8,31,7.33645486831665,0.6722302436828613
8,32,21.62872314453125,0.6732039451599121
8,33,50.711181640625,0.6726040840148926
8,34,38.38845443725586,0.6727523803710938
8,35,207.57411193847656,0.671276330947876
8,36,66.18698120117188,0.6726124286651611
8,37,47.0059928894043,0.6728355884552002
8,38,89.3372802734375,0.6735188961029053
8,39,255.11190795898438,0.6722412109375
8,40,114.85807037353516,0.6720564365386963
8,41,27.232521057128906,0.6713826656341553
8,42,101.35411071777344,0.673126220703125
8,43,46.775848388671875,0.6710402965545654
8,44,85.67931365966797,0.672391414642334
8,45,14.627849578857422,0.6722927093505859
8,46,346.3999938964844,0.6741774082183838
8,47,54.1452751159668,0.6710917949676514
8,48,34.274993896484375,0.6743519306182861
8,49,78.91259002685547,0.6720643043518066
8,50,152.49700927734375,0.6738882064819336
8,51,38.630226135253906,0.6711599826812744
8,52,59.62942123413086,0.6730325222015381
8,53,51.51517105102539,0.6713392734527588
8,54,128.60952758789062,0.6737654209136963
8,55,28.55275535583496,0.673215389251709
8,56,13.106195449829102,0.67486572265625
8,57,93.98712158203125,0.671276330947876
8,58,50.19527816772461,0.6724057197570801
8,59,88.5264663696289,0.670722246170044
8,60,82.28134155273438,0.6727898120880127
8,61,142.3634490966797,0.671745777130127
8,62,26.22120475769043,0.6751716136932373
8,63,167.33531188964844,0.671520471572876
8,64,65.9553451538086,0.6723253726959229
8,65,102.98028564453125,0.6713926792144775
8,66,13.477876663208008,0.6741917133331299
8,67,182.5355987548828,0.6714458465576172
8,68,30.463268280029297,0.6725575923919678
8,69,36.901390075683594,0.6722004413604736
8,70,158.06251525878906,0.6724076271057129
8,71,143.47132873535156,0.6729159355163574
8,72,91.24593353271484,0.67276930809021
8,73,107.73164367675781,0.6714847087860107
8,74,60.62005615234375,0.6727828979492188
8,75,32.6513671875,0.6717987060546875
8,76,136.90908813476562,0.6720850467681885
8,77,59.95965576171875,0.6717889308929443
8,78,55.595252990722656,0.6715114116668701
8,79,86.98460388183594,0.6707983016967773
8,80,36.793365478515625,0.6732664108276367
8,81,37.53858947753906,0.6714131832122803
8,82,18.28437042236328,0.6725029945373535
8,83,264.6499328613281,0.6712350845336914
8,84,28.6448974609375,0.673781156539917
8,85,67.20548248291016,0.672327995300293
8,86,37.61876678466797,0.6718268394470215
8,87,93.07067108154297,0.6716444492340088
8,88,26.19651222229004,0.6734678745269775
8,89,35.979286193847656,0.6719930171966553
8,90,21.995718002319336,0.672382116317749
8,91,115.65652465820312,0.6708688735961914
8,92,58.59223175048828,0.6735284328460693
8,93,28.062990188598633,0.6722924709320068
8,94,22.479206085205078,0.6728408336639404
8,95,26.144832611083984,0.6721429824829102
8,96,39.772186279296875,0.6743946075439453
8,97,20.579593658447266,0.6721014976501465
8,98,115.79873657226562,0.6727573871612549
8,99,32.5980224609375,0.6717462539672852
8,100,49.321563720703125,0.6718225479125977
8,101,106.37398529052734,0.673335075378418
8,102,25.28233528137207,0.6734340190887451
8,103,42.12913131713867,0.67140793800354
8,104,198.70498657226562,0.6730587482452393
8,105,66.6034164428711,0.6710054874420166
8,106,64.55999755859375,0.6741211414337158
8,107,87.96806335449219,0.6726288795471191
8,108,14.139510154724121,0.672295093536377
8,109,46.30767059326172,0.6717453002929688
8,110,67.56745147705078,0.6727085113525391
8,111,28.746715545654297,0.6710071563720703
8,112,79.1075210571289,0.6740448474884033
8,113,109.85466766357422,0.6724331378936768
8,114,58.14469528198242,0.6731736660003662
8,115,21.95168113708496,0.67156982421875
8,116,77.52682495117188,0.6733119487762451
8,117,199.190185546875,0.6715230941772461
8,118,170.87979125976562,0.6741666793823242
8,119,173.92709350585938,0.6713247299194336
8,120,77.49744415283203,0.6719446182250977
8,121,147.5285186767578,0.6709408760070801
8,122,97.49613952636719,0.6736464500427246
8,123,13.124237060546875,0.673511266708374
8,124,339.52056884765625,0.6726968288421631
8,125,46.944984436035156,0.671649694442749
8,126,107.7447509765625,0.6734194755554199
8,127,121.45751190185547,0.6735804080963135
8,128,223.2316436767578,0.6734089851379395
8,129,44.571449279785156,0.6717283725738525
8,130,44.977291107177734,0.6730022430419922
8,131,43.58119583129883,0.6712682247161865
8,132,10.358160018920898,0.6731183528900146
8,133,32.186485290527344,0.6718175411224365
8,134,80.18340301513672,0.6723036766052246
8,135,12.683920860290527,0.6714143753051758
8,136,64.78836059570312,0.6730329990386963
8,137,269.30401611328125,0.6712257862091064
8,138,21.17880630493164,0.6731164455413818
8,139,89.13885498046875,0.6717936992645264
8,140,91.76480865478516,0.6723434925079346
8,141,170.03517150878906,0.6723155975341797
8,142,49.40019607543945,0.6719498634338379
8,143,139.7856903076172,0.6712751388549805
8,144,178.9328155517578,0.6724758148193359
8,145,46.137969970703125,0.6709504127502441
8,146,43.687522888183594,0.6728408336639404
8,147,99.1035385131836,0.6722047328948975
8,148,156.7700653076172,0.6745178699493408
8,149,40.927040100097656,0.671518087387085
8,150,78.9577407836914,0.6721327304840088
8,151,187.64578247070312,0.6722762584686279
8,152,76.7181167602539,0.6728026866912842
8,153,123.04293060302734,0.671135663986206
8,154,162.17520141601562,0.6723463535308838
8,155,324.5423583984375,0.6716699600219727
8,156,175.5510711669922,0.6722202301025391
8,157,238.58018493652344,0.6711475849151611
8,158,144.10537719726562,0.6734201908111572
8,159,335.21563720703125,0.6725594997406006
8,160,73.8753890991211,0.6728589534759521
8,161,181.00253295898438,0.6716961860656738
8,162,65.54412078857422,0.6729683876037598
8,163,109.97149658203125,0.6716959476470947
8,164,103.317626953125,0.6727509498596191
8,165,33.189762115478516,0.6728160381317139
8,166,132.68011474609375,0.6725034713745117
8,167,13.177277565002441,0.6714835166931152
8,168,89.94464874267578,0.6726782321929932
8,169,142.03273010253906,0.6720516681671143
8,170,95.68826293945312,0.6715216636657715
8,171,119.21964263916016,0.6725871562957764
8,172,60.07953643798828,0.6724236011505127
8,173,71.07025146484375,0.6717419624328613
8,174,54.282798767089844,0.672569990158081
8,175,35.9666633605957,0.6726324558258057
8,176,66.09966278076172,0.6729831695556641
8,177,60.12605285644531,0.6726129055023193
8,178,48.97379684448242,0.6722121238708496
8,179,64.81571197509766,0.6718800067901611
8,180,76.83389282226562,0.6719052791595459
8,181,21.883581161499023,0.6710457801818848
8,182,81.65997314453125,0.6738994121551514
8,183,252.9527587890625,0.6712546348571777
8,184,51.918006896972656,0.6728537082672119
8,185,167.09033203125,0.6709158420562744
8,186,155.26283264160156,0.6719014644622803
8,187,117.89441680908203,0.6725735664367676
8,188,80.08585357666016,0.6716587543487549
8,189,66.66520690917969,0.6710922718048096
8,190,308.32501220703125,0.6726322174072266
8,191,70.89075469970703,0.6710922718048096
8,192,110.86506652832031,0.6725990772247314
8,193,37.599857330322266,0.670921802520752
8,194,192.99404907226562,0.6729021072387695
8,195,72.18988037109375,0.6708700656890869
8,196,82.34461975097656,0.6738145351409912
8,197,11.0675048828125,0.671311616897583
8,198,41.132041931152344,0.5353281497955322
9,1,20.057941436767578,0.6793773174285889
9,2,278.72296142578125,0.6724958419799805
9,3,189.46669006347656,0.670987606048584
9,4,316.4953918457031,0.6726124286651611
9,5,46.23621368408203,0.6727018356323242
9,6,183.16452026367188,0.6718378067016602
9,7,9.810461044311523,0.6706187725067139
9,8,92.11194610595703,0.6722731590270996
9,9,109.1093978881836,0.6709380149841309
9,10,62.317710876464844,0.6720142364501953
9,11,21.225217819213867,0.6712517738342285
9,12,49.422515869140625,0.6714231967926025
9,13,76.72681427001953,0.672797441482544
9,14,20.249019622802734,0.6719365119934082
9,15,118.9409408569336,0.6725242137908936
9,16,96.57166290283203,0.6723060607910156
9,17,20.382070541381836,0.6711854934692383
9,18,69.32574462890625,0.6721606254577637
9,19,39.05584716796875,0.6711845397949219
9,20,198.52732849121094,0.6729981899261475
9,21,23.04248809814453,0.6713409423828125
9,22,56.47311019897461,0.6729018688201904
9,23,73.7681884765625,0.670555830001831
9,24,45.72210693359375,0.6716301441192627
9,25,74.41143035888672,0.6708412170410156
9,26,63.913978576660156,0.6720626354217529
9,27,148.25247192382812,0.671804666519165
9,28,43.254730224609375,0.6712605953216553
9,29,40.16963577270508,0.6713473796844482
9,30,63.28052520751953,0.6719107627868652
9,31,106.7102279663086,0.6719496250152588
9,32,21.634204864501953,0.6719193458557129
9,33,107.50658416748047,0.671339750289917
9,34,99.31816101074219,0.6735150814056396
9,35,100.86698913574219,0.671921968460083
9,36,95.76896667480469,0.6719002723693848
9,37,33.596435546875,0.6720468997955322
9,38,68.05406951904297,0.6718268394470215
9,39,199.62294006347656,0.6709079742431641
9,40,80.14765167236328,0.6719024181365967
9,41,161.0957489013672,0.6712591648101807
9,42,124.27800750732422,0.6717886924743652
9,43,42.083099365234375,0.6715328693389893
9,44,23.720109939575195,0.6715610027313232
9,45,75.70045471191406,0.6711270809173584
9,46,145.58843994140625,0.6720318794250488
9,47,98.84782409667969,0.6705975532531738
9,48,87.99154663085938,0.6722228527069092
9,49,71.30956268310547,0.6712121963500977
9,50,36.11384582519531,0.6736185550689697
9,51,31.064119338989258,0.6713471412658691
9,52,125.248046875,0.6719067096710205
9,53,83.30696105957031,0.6714332103729248
9,54,91.00001525878906,0.6736557483673096
9,55,33.17118835449219,0.6721951961517334
9,56,57.00227355957031,0.6715991497039795
9,57,107.50531005859375,0.6709105968475342
9,58,110.9260482788086,0.6720759868621826
9,59,246.85997009277344,0.6713840961456299
9,60,120.7638168334961,0.6729269027709961
9,61,99.59646606445312,0.6710653305053711
9,62,91.26434326171875,0.6721370220184326
9,63,31.240055084228516,0.670457124710083
9,64,98.55828094482422,0.6717371940612793
9,65,64.11660766601562,0.671194314956665
9,66,124.23799896240234,0.6716227531433105
9,67,51.306331634521484,0.6709682941436768
9,68,41.53805923461914,0.671393632888794
9,69,50.170249938964844,0.6711044311523438
9,70,49.83845901489258,0.6722433567047119
9,71,30.530364990234375,0.671689510345459
9,72,66.25255584716797,0.6735196113586426
9,73,179.22567749023438,0.6716902256011963
9,74,80.04336547851562,0.6717329025268555
9,75,52.81249237060547,0.6715407371520996
9,76,151.39028930664062,0.6722023487091064
9,77,58.958553314208984,0.67226243019104
9,78,55.48976516723633,0.6721072196960449
9,79,72.38118743896484,0.6713037490844727
9,80,36.82080078125,0.6721682548522949
9,81,70.3401870727539,0.6709115505218506
9,82,64.1208724975586,0.6730451583862305
9,83,38.265846252441406,0.6712853908538818
9,84,23.999635696411133,0.6715054512023926
9,85,40.37664794921875,0.6709606647491455
9,86,12.665251731872559,0.671234130859375
9,87,85.87754821777344,0.6711516380310059
9,88,30.848112106323242,0.6719698905944824
9,89,22.427650451660156,0.670856237411499
9,90,36.19264602661133,0.6731724739074707
9,91,238.82020568847656,0.6716573238372803
9,92,130.83502197265625,0.6723153591156006
9,93,37.262603759765625,0.6713807582855225
9,94,16.411685943603516,0.6712086200714111
9,95,93.70941162109375,0.6710398197174072
9,96,7.990677833557129,0.6722288131713867
9,97,108.17949676513672,0.6722714900970459
9,98,11.422270774841309,0.6720080375671387
9,99,64.30522155761719,0.6708316802978516
9,100,86.7825698852539,0.6724832057952881
9,101,36.0609245300293,0.6726257801055908
9,102,131.50198364257812,0.671588659286499
9,103,42.44760513305664,0.6711697578430176
9,104,161.70249938964844,0.6732497215270996
9,105,57.45686340332031,0.6710240840911865
9,106,20.51805877685547,0.6722526550292969
9,107,51.01329040527344,0.6711742877960205
9,108,56.33695602416992,0.6717069149017334
9,109,74.46871185302734,0.671334981918335
9,110,27.419389724731445,0.6716313362121582
9,111,83.62744903564453,0.6721270084381104
9,112,131.53799438476562,0.6714050769805908
9,113,18.75945472717285,0.6714904308319092
9,114,42.19608688354492,0.6722297668457031
9,115,55.26616668701172,0.6710703372955322
9,116,64.84757995605469,0.6715333461761475
9,117,76.41285705566406,0.67095947265625
9,118,31.680805206298828,0.6722238063812256
9,119,17.341110229492188,0.6723074913024902
9,120,8.186137199401855,0.6719088554382324
9,121,79.81143188476562,0.6725518703460693
9,122,137.7080078125,0.6716346740722656
9,123,51.04438018798828,0.6720969676971436
9,124,5.993043899536133,0.6726868152618408
9,125,71.68759155273438,0.6724271774291992
9,126,205.4690704345703,0.6715443134307861
9,127,41.90591049194336,0.6718974113464355
9,128,150.79115295410156,0.6716210842132568
9,129,8.322113037109375,0.6707324981689453
9,130,200.3359375,0.6716508865356445
9,131,28.78875160217285,0.6711828708648682
9,132,106.43354797363281,0.6737420558929443
9,133,11.834604263305664,0.6705665588378906
9,134,73.32688903808594,0.6730265617370605
9,135,16.912090301513672,0.6707630157470703
9,136,54.55049133300781,0.6718435287475586
9,137,10.099493980407715,0.6725552082061768
9,138,35.7573127746582,0.6719644069671631
9,139,120.3425064086914,0.6730122566223145
9,140,29.593236923217773,0.6721839904785156
9,141,99.56426239013672,0.6709482669830322
9,142,56.99681854248047,0.6718125343322754
9,143,95.73578643798828,0.6726980209350586
9,144,62.39379119873047,0.6727540493011475
9,145,41.872520446777344,0.6719667911529541
9,146,33.61708450317383,0.6709907054901123
9,147,29.22561264038086,0.67221999168396
9,148,61.21865463256836,0.67336106300354
9,149,108.78369903564453,0.6714115142822266
9,150,92.97456359863281,0.6717841625213623
9,151,35.468017578125,0.671750545501709
9,152,24.738279342651367,0.6716890335083008
9,153,80.77012634277344,0.6710619926452637
9,154,121.4162368774414,0.6717724800109863
9,155,145.23712158203125,0.670851469039917
9,156,108.29631805419922,0.6722486019134521
9,157,38.8969612121582,0.6716740131378174
9,158,65.91780853271484,0.6726739406585693
9,159,81.12089538574219,0.6714134216308594
9,160,79.01712799072266,0.6717357635498047
9,161,53.050750732421875,0.6711502075195312
9,162,107.15726470947266,0.6726169586181641
9,163,48.03260803222656,0.670926570892334
9,164,38.97893142700195,0.6729681491851807
9,165,84.54253387451172,0.6715238094329834
9,166,11.968392372131348,0.6717326641082764
9,167,116.37650299072266,0.6712839603424072
9,168,16.13600730895996,0.6730434894561768
9,169,96.91358184814453,0.6723334789276123
9,170,37.138145446777344,0.6719210147857666
9,171,31.05341148376465,0.6715490818023682
9,172,94.87501525878906,0.6716551780700684
9,173,89.32340240478516,0.6723628044128418
9,174,88.26049041748047,0.6720168590545654
9,175,107.53684997558594,0.6710808277130127
9,176,43.61942672729492,0.6721334457397461
9,177,58.595584869384766,0.6720104217529297
9,178,73.73197937011719,0.6721906661987305
9,179,18.44942283630371,0.6726443767547607
9,180,121.36418151855469,0.6715843677520752
9,181,105.45154571533203,0.672231912612915
9,182,73.4088363647461,0.6721463203430176
9,183,21.92241096496582,0.6714870929718018
9,184,14.957504272460938,0.6719591617584229
9,185,222.7144775390625,0.6705515384674072
9,186,45.767337799072266,0.671454906463623
9,187,75.2517318725586,0.671475887298584
9,188,58.52497482299805,0.672062873840332
9,189,89.94667053222656,0.6709036827087402
9,190,46.375,0.671384334564209
9,191,182.18885803222656,0.6711175441741943
9,192,215.71783447265625,0.6715247631072998
9,193,20.710193634033203,0.6717734336853027
9,194,18.507694244384766,0.6729669570922852
9,195,19.396514892578125,0.6714968681335449
9,196,105.91331481933594,0.6727559566497803
9,197,16.675439834594727,0.671384334564209
9,198,37.74195861816406,0.5347027778625488
10,1,100.2959213256836,0.6785256862640381
10,2,57.839351654052734,0.6715033054351807
10,3,91.83699035644531,0.673389196395874
10,4,110.27789306640625,0.672846794128418
10,5,128.9363250732422,0.6726500988006592
10,6,44.37236022949219,0.6726987361907959
10,7,41.26597595214844,0.6737198829650879
10,8,210.55128479003906,0.6725888252258301
10,9,37.836509704589844,0.6723043918609619
10,10,46.213497161865234,0.6715559959411621
10,11,113.01917266845703,0.6733245849609375
10,12,69.23210906982422,0.6713869571685791
10,13,123.02242279052734,0.6722137928009033
10,14,98.05781555175781,0.6714675426483154
10,15,27.353492736816406,0.6718924045562744
10,16,53.754302978515625,0.6727287769317627
10,17,61.572120666503906,0.6723945140838623
10,18,30.92142677307129,0.6713271141052246
10,19,41.39804458618164,0.6737484931945801
10,20,34.48958206176758,0.6714625358581543
10,21,121.018798828125,0.6723697185516357
10,22,26.856204986572266,0.6714048385620117
10,23,60.194664001464844,0.6721408367156982
10,24,76.4782943725586,0.6728806495666504
10,25,24.69344139099121,0.6737303733825684
10,26,227.035400390625,0.671292781829834
10,27,45.14178466796875,0.6734459400177002
10,28,146.2923583984375,0.6718764305114746
10,29,203.9967803955078,0.6734552383422852
10,30,94.85099792480469,0.6714568138122559
10,31,53.94078826904297,0.6725931167602539
10,32,17.641874313354492,0.67173171043396
10,33,195.6419219970703,0.6717557907104492
10,34,63.14699172973633,0.6717846393585205
10,35,22.27167320251465,0.6723721027374268
10,36,68.3092041015625,0.6712324619293213
10,37,145.45974731445312,0.6720545291900635
10,38,34.53639221191406,0.6718935966491699
10,39,106.86122131347656,0.6726024150848389
10,40,35.44926834106445,0.6724886894226074
10,41,37.72722625732422,0.6727104187011719
10,42,80.14665222167969,0.6710066795349121
10,43,35.561527252197266,0.6726202964782715
10,44,85.1869888305664,0.6731805801391602
10,45,66.03181457519531,0.6725578308105469
10,46,158.2825927734375,0.6717700958251953
10,47,286.95684814453125,0.6723377704620361
10,48,96.79207611083984,0.6714611053466797
10,49,34.25590133666992,0.6729409694671631
10,50,121.32347869873047,0.6726617813110352
10,51,79.53067779541016,0.6727218627929688
10,52,77.73096466064453,0.6712014675140381
10,53,112.12541961669922,0.6720676422119141
10,54,143.5097198486328,0.6728780269622803
10,55,221.1034393310547,0.6721389293670654
10,56,296.8500671386719,0.6715273857116699
10,57,121.53495788574219,0.6727583408355713
10,58,77.89126586914062,0.6712322235107422
10,59,198.99288940429688,0.672865629196167
10,60,299.9597473144531,0.6712207794189453
10,61,55.12490463256836,0.6723666191101074
10,62,228.0301513671875,0.6720926761627197
10,63,86.8228530883789,0.6723053455352783
10,64,52.27643966674805,0.6720833778381348
10,65,23.453718185424805,0.6723127365112305
10,66,99.27810668945312,0.6710608005523682
10,67,73.45024108886719,0.6732275485992432
10,68,29.503374099731445,0.6715703010559082
10,69,159.3172607421875,0.6725146770477295
10,70,33.41606140136719,0.6714015007019043
10,71,107.61166381835938,0.6735303401947021
10,72,22.519357681274414,0.6731665134429932
10,73,59.773651123046875,0.6728243827819824
10,74,206.75714111328125,0.6715214252471924
10,75,29.887849807739258,0.6725389957427979
10,76,18.015775680541992,0.671454906463623
10,77,137.60079956054688,0.6725032329559326
10,78,23.315568923950195,0.6713559627532959
10,79,79.75015258789062,0.6724064350128174
10,80,98.17285919189453,0.6710641384124756
10,81,260.5426025390625,0.6732537746429443
10,82,26.657934188842773,0.6719481945037842
10,83,14.152947425842285,0.6726267337799072
10,84,10.455348014831543,0.6712362766265869
10,85,39.82814025878906,0.6732110977172852
10,86,81.28125762939453,0.671684741973877
10,87,39.89481735229492,0.6722838878631592
10,88,13.548131942749023,0.6716351509094238
10,89,160.5380096435547,0.6720426082611084
10,90,34.63497543334961,0.6708943843841553
10,91,33.203773498535156,0.672004222869873
10,92,36.89986801147461,0.6712472438812256
10,93,86.80413818359375,0.6728701591491699
10,94,142.73989868164062,0.6714282035827637
10,95,23.701948165893555,0.6739013195037842
10,96,114.81857299804688,0.6714868545532227
10,97,53.784507751464844,0.6721408367156982
10,98,106.5282974243164,0.6712477207183838
10,99,27.856794357299805,0.6719584465026855
10,100,47.321624755859375,0.6718287467956543
10,101,44.980445861816406,0.6738135814666748
10,102,23.72858428955078,0.6718013286590576
10,103,89.55618286132812,0.6724855899810791
10,104,30.613689422607422,0.671259880065918
10,105,80.32760620117188,0.672985315322876
10,106,49.1108512878418,0.6724333763122559
10,107,5.441036224365234,0.6734325885772705
10,108,91.51559448242188,0.6714699268341064
10,109,52.55005645751953,0.6725127696990967
10,110,15.689996719360352,0.6708393096923828
10,111,11.218902587890625,0.6719741821289062
10,112,18.339157104492188,0.672370195388794
10,113,38.04270935058594,0.6734018325805664
10,114,35.786285400390625,0.6708436012268066
10,115,54.45427703857422,0.6732678413391113
10,116,42.9797248840332,0.671917200088501
10,117,46.709720611572266,0.6734914779663086
10,118,88.8396224975586,0.6717431545257568
10,119,277.8323059082031,0.67311692237854
10,120,129.0537872314453,0.6712901592254639
10,121,77.9638442993164,0.6727938652038574
10,122,117.38539123535156,0.6714811325073242
10,123,61.27995300292969,0.6720819473266602
10,124,136.08822631835938,0.6710803508758545
10,125,156.74632263183594,0.6736545562744141
10,126,22.251394271850586,0.6723694801330566
10,127,22.505382537841797,0.6731817722320557
10,128,25.471343994140625,0.6725583076477051
10,129,90.40135192871094,0.6728100776672363
10,130,20.713659286499023,0.6715021133422852
10,131,67.43930053710938,0.673790693283081
10,132,23.32706642150879,0.6715700626373291
10,133,57.855777740478516,0.6723225116729736
10,134,43.4632568359375,0.6728358268737793
10,135,34.266456604003906,0.6724045276641846
10,136,116.33633422851562,0.6717848777770996
10,137,48.3924674987793,0.6728787422180176
10,138,363.51617431640625,0.6725270748138428
10,139,192.8318328857422,0.6723945140838623
10,140,34.39565658569336,0.6717822551727295
10,141,33.01917266845703,0.6722986698150635
10,142,102.22892761230469,0.6716225147247314
10,143,73.05545043945312,0.6728205680847168
10,144,67.26642608642578,0.6710605621337891
10,145,65.36135864257812,0.6730821132659912
10,146,67.93971252441406,0.6710338592529297
10,147,54.918975830078125,0.6741058826446533
10,148,48.66393280029297,0.6709456443786621
10,149,42.69356918334961,0.6738407611846924
10,150,39.01926040649414,0.6723721027374268
10,151,45.209373474121094,0.6735630035400391
10,152,122.88259887695312,0.6728067398071289
10,153,98.40553283691406,0.6723875999450684
10,154,42.76634216308594,0.6715364456176758
10,155,18.764110565185547,0.6719889640808105
10,156,20.65243911743164,0.6712827682495117
10,157,61.18562698364258,0.6724386215209961
10,158,50.16002655029297,0.6715564727783203
10,159,32.761661529541016,0.6737570762634277
10,160,15.621001243591309,0.6714351177215576
10,161,61.076202392578125,0.6716830730438232
10,162,182.0123748779297,0.6723771095275879
10,163,40.20245361328125,0.6746416091918945
10,164,194.85865783691406,0.6726980209350586
10,165,36.88079833984375,0.6727027893066406
10,166,153.42373657226562,0.6717047691345215
10,167,79.567138671875,0.6726906299591064
10,168,82.37068176269531,0.6719808578491211
10,169,22.22113609313965,0.6724622249603271
10,170,8.56158447265625,0.6705236434936523
10,171,157.8148651123047,0.6724693775177002
10,172,20.52469253540039,0.6719784736633301
10,173,28.5443172454834,0.6723737716674805
10,174,19.04800796508789,0.6722612380981445
10,175,39.578060150146484,0.6722729206085205
10,176,45.0771598815918,0.6710770130157471
10,177,105.14527130126953,0.6723744869232178
10,178,75.966796875,0.6716094017028809
10,179,39.83021545410156,0.6718916893005371
10,180,44.4658088684082,0.6725549697875977
10,181,39.911834716796875,0.6729691028594971
10,182,96.95174407958984,0.6720645427703857
10,183,55.11520004272461,0.6726338863372803
10,184,49.32084274291992,0.6729884147644043
10,185,63.38682556152344,0.6713497638702393
10,186,84.72681427001953,0.6727151870727539
10,187,52.233917236328125,0.672480583190918
10,188,42.37983703613281,0.6723418235778809
10,189,11.759257316589355,0.6718704700469971
10,190,63.40154266357422,0.6716744899749756
10,191,41.503089904785156,0.6732749938964844
10,192,57.973697662353516,0.6714341640472412
10,193,181.37803649902344,0.6725170612335205
10,194,83.79253387451172,0.6732504367828369
10,195,53.11793899536133,0.6730718612670898
10,196,12.552131652832031,0.6714715957641602
10,197,43.33714294433594,0.6732943058013916
10,198,21.59458351135254,0.5344984531402588
