Epoch,Image Index,Original Age Prediction,Original Gender Prediction,Noisy Age Prediction,Noisy Gender Prediction,Rotation Age Prediction,Rotation Gender Prediction,Brightness Age Prediction,Brightness Gender Prediction,Contrast Age Prediction,Contrast Gender Prediction
1,0,[37.225315],[-0.9021615 -1.7146522],[34.93775],[-0.9350231 -1.4826089],[47.304714],[-0.6673742 -2.745985 ],[31.188852],[-1.0206566 -1.199703 ],[27.2611],[-0.73522574 -1.1125557 ]
1,1,[19.412462],[-0.1415911 -1.0977719],[20.521643],[-0.13895464 -1.1674726 ],[45.73105],[-1.049118  -2.2357316],[25.469135],[-0.31768897 -1.5163102 ],[25.092098],[-0.314258  -1.5100721]
1,2,[36.499565],[-0.80369097 -1.8370979 ],[28.705065],[-0.78049034 -1.0762466 ],[48.219795],[-0.9346229 -2.6035602],[31.854662],[-0.42679825 -1.8631177 ],[33.52721],[-0.44217274 -1.9922084 ]
1,3,[27.862534],[-0.2620968 -1.631411 ],[26.420221],[-0.28746435 -1.4536275 ],[37.94723],[-0.68828267 -2.1781983 ],[33.315304],[-0.12500724 -2.1569088 ],[33.757008],[-0.18129241 -2.096622  ]
2,0,[31.909311],[-0.64321536 -1.696557  ],[32.142063],[-0.64916927 -1.7428211 ],[43.407444],[-0.72446275 -2.3689132 ],[31.709187],[-0.6838069 -1.6413037],[32.96849],[-0.7910864 -1.5745487]
2,1,[26.636816],[-0.15488674 -1.6496918 ],[27.856236],[-0.05820148 -1.7912884 ],[34.94962],[-0.8691285 -1.5741522],[28.495079],[-0.39428034 -1.5232297 ],[29.225855],[-0.37254757 -1.5844514 ]
2,2,[20.72465],[-0.62839776 -0.8253337 ],[29.05027],[-0.8723359 -1.2173948],[27.329857],[-0.549937  -1.3658602],[32.01926],[-0.16980772 -1.9825518 ],[30.797518],[-0.27383572 -1.8221928 ]
2,3,[26.2888],[-0.5404928 -1.2463331],[26.985645],[-0.46566424 -1.3699096 ],[29.38989],[-0.35884553 -1.6022592 ],[33.348713],[-0.6177492 -1.6297705],[33.8032],[-0.47353116 -1.8634566 ]
3,0,[31.89185],[-1.2434685 -0.9661153],[25.1044],[-0.8379369  -0.89984643],[38.63683],[-0.58177423 -2.1309779 ],[32.886875],[-0.7968612 -1.4541346],[34.48799],[-0.87746024 -1.4449642 ]
3,1,[22.381641],[-0.5207308 -1.1561139],[20.36669],[-0.39572468 -1.0841193 ],[31.54136],[-0.60739887 -1.5981481 ],[35.475082],[-0.51289845 -2.1709538 ],[34.111916],[-0.45179024 -2.0859036 ]
3,2,[30.792377],[-0.34548408 -1.8952466 ],[31.899326],[-0.1872192 -1.9469963],[36.10402],[-0.9978561 -1.5673374],[41.18311],[-0.54963017 -2.2405066 ],[45.451645],[-0.7465109 -2.3722208]
3,3,[27.376062],[-0.74638313 -1.0804708 ],[32.050198],[-0.8224714 -1.331456 ],[27.689209],[-0.7578667 -1.2208059],[34.013706],[-0.27954233 -2.1289277 ],[34.00563],[-0.3381983 -2.0792208]
4,0,[48.77792],[-0.5726824 -3.124093 ],[44.231445],[-0.5080538 -2.7144861],[39.03211],[-0.4696105 -2.6863039],[36.08191],[-0.4091776 -2.1713722],[37.818184],[-0.40679055 -2.2771373 ]
4,1,[24.9602],[-0.07985011 -1.6781883 ],[27.341232],[-0.23741578 -1.6289293 ],[27.273489],[-0.54458416 -1.4294076 ],[32.25422],[-0.49956638 -1.6953099 ],[31.399939],[-0.4058725 -1.7066925]
4,2,[26.332876],[-0.47211167 -1.3420542 ],[22.049284],[-0.46462592 -1.0310174 ],[27.882645],[-0.38830507 -1.4508643 ],[36.214508],[-0.61170644 -1.9169687 ],[34.052567],[-0.49874896 -1.883872  ]
4,3,[17.831697],[-0.50719434 -0.67198855],[21.41507],[-0.510639  -0.9620623],[33.31395],[-0.5229838 -1.8527945],[26.99577],[-0.6018412 -1.0876583],[26.483438],[-0.7422229  -0.88311774]
5,0,[23.38632],[-0.30137023 -1.3792865 ],[20.846651],[-0.23015097 -1.1642641 ],[27.453026],[-0.35415754 -1.6226318 ],[36.769947],[-0.39381358 -2.1728132 ],[34.890816],[-0.35745758 -2.0833817 ]
5,1,[23.301003],[-0.6456049  -0.86354643],[23.344383],[-0.65221405 -0.8628086 ],[36.050556],[-0.56959635 -1.9551854 ],[33.509624],[-0.8529255 -1.4969919],[33.65664],[-0.8550619 -1.5124862]
5,2,[32.04165],[-0.53292817 -1.811652  ],[36.126034],[-0.4632008 -2.211141 ],[34.32985],[-0.6141718 -1.8026987],[35.12498],[-0.92091936 -1.5953147 ],[35.638374],[-0.98363346 -1.6125438 ]
5,3,[34.518745],[-0.75112593 -1.6682177 ],[46.28833],[-0.33347872 -3.1395695 ],[33.354042],[-0.3757855 -2.0701103],[35.588028],[-0.46990412 -1.9721912 ],[34.670166],[-0.5267384 -1.8295301]
6,0,[21.440054],[-0.374432  -0.9240485],[21.338898],[-0.5447809  -0.84039617],[33.25211],[-0.69996905 -1.6338153 ],[27.32401],[-0.20816234 -1.6805528 ],[26.02844],[-0.18735033 -1.557684  ]
6,1,[40.201084],[-1.076345  -1.8991125],[37.306633],[-0.94175076 -1.7481074 ],[45.84688],[-0.4323287 -2.8773727],[44.813015],[-1.1497278 -2.1869366],[38.90982],[-0.68380666 -2.1255271 ]
6,2,[26.245604],[-0.5055798 -1.4222263],[29.894283],[-0.41406113 -1.7836936 ],[25.638842],[-0.67225975 -1.082383  ],[34.764385],[-0.4246429 -2.167402 ],[35.021397],[-0.33979258 -2.2590005 ]
6,3,[33.616497],[-0.75511974 -1.8372294 ],[39.031086],[-0.6825898 -2.309729 ],[40.583103],[-0.6224632 -2.416683 ],[30.698008],[-0.3436829 -1.8932167],[30.37552],[-0.39065275 -1.8627986 ]
7,0,[29.972673],[-0.4413251 -1.7513645],[24.41469],[-0.32639977 -1.367111  ],[28.485996],[-0.5317826 -1.575002 ],[30.09863],[-0.37475342 -1.7496455 ],[27.79623],[-0.19604185 -1.7762508 ]
7,1,[37.663857],[-1.2853363 -1.3252304],[38.25264],[-1.100112  -1.4243991],[35.864292],[-0.7352815 -1.8003254],[33.076134],[-0.6860499 -1.5034872],[29.502876],[-0.6541389 -1.2152884]
7,2,[22.591558],[-0.28854874 -1.2143638 ],[22.814625],[-0.14133844 -1.3482854 ],[27.396582],[-0.7700924 -1.099112 ],[34.748844],[-0.38845825 -2.1425562 ],[30.928009],[-0.49515215 -1.6667329 ]
7,3,[21.108763],[-0.2350081 -1.2092717],[19.18246],[-0.26420814 -1.0384504 ],[34.172543],[-0.3769788 -1.9886112],[29.71891],[-0.44013974 -1.5276586 ],[34.912487],[-0.5660608 -1.8278042]
8,0,[31.470818],[-0.80050766 -1.3973095 ],[31.544636],[-0.7014142 -1.394121 ],[37.535564],[-0.6909745 -1.9799225],[35.258774],[-1.1392947 -1.3417175],[35.515186],[-1.2377634 -1.2568142]
8,1,[38.74648],[-0.8579369 -1.7853835],[41.73369],[-0.931261  -1.9104004],[30.366604],[-0.8429902 -1.27804  ],[27.231424],[-0.7020098 -1.1515675],[27.786234],[-0.9823935 -0.9175728]
8,2,[34.71455],[-0.89361995 -1.6003463 ],[34.533875],[-0.59070396 -1.8303756 ],[25.883923],[-0.6999845 -1.1618118],[50.128376],[-1.3389807 -2.580536 ],[48.74672],[-1.30775  -2.538128]
8,3,[32.472893],[-0.9014563 -1.4681015],[31.735598],[-0.5267266 -1.7198551],[48.25831],[-0.37557098 -3.2702026 ],[33.721176],[-0.5785437 -1.5691174],[35.88695],[-0.7579673 -1.5658422]
9,0,[28.334297],[-0.29140916 -1.4600763 ],[38.40912],[-0.05893654 -2.5797281 ],[23.09471],[-0.41664112 -1.0508451 ],[32.154324],[-0.2957726 -1.7245027],[37.20374],[-0.4051373 -2.009845 ]
9,1,[27.627129],[-0.6643319 -1.3351122],[29.217508],[-0.7482637 -1.3264802],[42.735817],[-0.96752083 -2.1766324 ],[22.80875],[-0.93827975 -0.5830587 ],[22.569643],[-0.9946691  -0.41253543]
9,2,[29.428345],[-0.68372124 -1.5066942 ],[26.665255],[-0.523961  -1.3770286],[39.221813],[-1.0636122 -1.6039767],[31.335806],[-0.6433093 -1.5990802],[32.792816],[-0.6094832 -1.6845279]
9,3,[24.96202],[-0.7379962 -0.9537488],[26.561306],[-0.70529467 -1.1285222 ],[25.056646],[-0.545956  -1.0625143],[36.700638],[-0.94454694 -1.5689352 ],[42.98386],[-1.0988989 -1.8920474]
10,0,[28.909239],[-0.39638266 -1.5824062 ],[29.89452],[-0.39666992 -1.674151  ],[43.616558],[-0.59316933 -2.6278217 ],[30.023117],[-0.6183595 -1.3729715],[30.999268],[-0.6230073 -1.4768851]
10,1,[25.12163],[-0.78558254 -0.9815168 ],[24.88828],[-0.6059669 -1.0278944],[66.069954],[-1.2200685 -3.8857238],[30.950085],[-0.5887502 -1.5628533],[31.87428],[-0.7441074 -1.4599427]
10,2,[26.105597],[-0.81205666 -1.0558693 ],[29.192347],[-0.6824961 -1.347181 ],[40.32724],[-0.9949902 -2.0214725],[40.443165],[-0.8015131 -1.93574  ],[33.73854],[-1.0079064 -1.2725724]
10,3,[21.697702],[-0.80505174 -0.78095204],[22.6315],[-0.7574063 -0.8345477],[33.35903],[-0.6370019 -1.6464121],[26.179394],[-0.39186653 -1.3049412 ],[26.76916],[-0.57204986 -1.1875305 ]
11,0,[28.009783],[-0.37285006 -1.5299501 ],[33.605335],[-0.2728888 -2.0097485],[38.03714],[-0.7299019 -2.0413861],[32.037624],[-0.03190192 -2.2199697 ],[38.84644],[ 0.1575978 -2.87866  ]
11,1,[25.703821],[-1.0194682 -0.8510389],[27.466324],[-0.80394614 -1.0210072 ],[35.78145],[-1.0333829 -1.5720936],[32.00332],[-1.1270404 -1.1757084],[33.745426],[-1.1083851 -1.2821767]
11,2,[23.193628],[-0.41697294 -1.1636438 ],[20.492136],[-0.30595413 -1.0900843 ],[31.081625],[-0.85362905 -1.284323  ],[27.252443],[ 0.05836263 -1.8325068 ],[25.175627],[ 0.12498697 -1.7188462 ]
11,3,[38.986343],[-1.1165824 -1.603636 ],[36.803062],[-0.9495662 -1.6082443],[28.953554],[-0.9008462 -1.1086296],[36.14737],[-0.488836  -1.9588377],[35.024677],[-0.5238715 -1.7883512]
12,0,[30.67207],[-0.27409312 -1.7999012 ],[39.500343],[-0.30282888 -2.5237114 ],[40.810654],[-0.42782333 -2.5192196 ],[39.737503],[-0.46762598 -2.3331833 ],[38.901943],[-0.35091096 -2.288805  ]
12,1,[19.063202],[-0.21752414 -0.8970119 ],[19.579094],[-0.28396627 -0.8793969 ],[33.559826],[-0.55316687 -1.8587177 ],[35.220203],[-0.8669705 -1.7709578],[40.26528],[-0.87042844 -2.2299805 ]
12,2,[24.518866],[-0.30427912 -1.3626322 ],[26.16023],[-0.29322425 -1.5034573 ],[25.538225],[-0.29511607 -1.4332062 ],[30.13585],[-0.47830167 -1.6165833 ],[33.021595],[-0.63803554 -1.6731895 ]
12,3,[32.358437],[-0.7874279 -1.5797337],[31.17685],[-0.77050114 -1.4864786 ],[40.20749],[-0.5706954 -2.281698 ],[39.03151],[-0.69457906 -1.9999886 ],[37.74577],[-0.6439582 -1.9341271]
13,0,[19.337152],[ 0.03174684 -1.3461838 ],[19.175388],[ 0.0298656 -1.2916846],[30.136827],[-0.44408774 -1.7167032 ],[39.72035],[-0.17162016 -2.6108356 ],[40.32662],[ 0.07432138 -2.8861675 ]
13,1,[39.967846],[-0.9448936 -2.0015519],[44.552193],[-0.77721566 -2.3704188 ],[46.527283],[-0.5103773 -2.937737 ],[41.11514],[-1.0120063 -1.8938136],[41.653904],[-1.1188275 -1.8172176]
13,2,[19.281315],[-0.3281135  -0.87932444],[21.644968],[-0.39170575 -1.004116  ],[32.48748],[-0.85540986 -1.449263  ],[33.346195],[-0.2733226 -2.0844765],[31.277983],[-0.21940228 -2.0105495 ]
13,3,[22.493986],[-0.35340944 -1.0831395 ],[27.369347],[-0.23242351 -1.6139693 ],[38.926823],[-0.8621397 -1.9098382],[35.434357],[-0.34248224 -2.1846673 ],[37.420654],[-0.55281377 -2.139009  ]
14,0,[31.721468],[-0.47979623 -1.8373549 ],[26.15506],[-0.40168524 -1.3869023 ],[30.202494],[-0.7577295 -1.2408551],[27.661957],[-0.42986998 -1.53564   ],[29.368917],[-0.5279585 -1.5297883]
14,1,[23.402988],[-0.29774252 -1.3798187 ],[27.095657],[-0.37111172 -1.5647516 ],[39.634323],[-0.4958319 -2.3013024],[31.723991],[-0.57166326 -1.6756015 ],[36.140987],[-0.5693916 -2.04446  ]
14,2,[29.703249],[-0.52617097 -1.5962911 ],[23.295996],[-0.21954827 -1.2870512 ],[31.659655],[-0.57556754 -1.7369387 ],[31.617163],[-0.2115852 -1.9948117],[34.18029],[-0.25989166 -2.2247236 ]
14,3,[25.95648],[-0.7097011 -1.1913817],[26.843893],[-0.53880066 -1.4394844 ],[45.01909],[-0.85562354 -2.3528743 ],[36.441402],[-0.55940866 -2.042325  ],[35.739292],[-0.47705194 -2.0333984 ]
15,0,[32.22863],[-0.581962  -1.7106731],[36.161037],[-0.78457886 -1.8100846 ],[35.16641],[-0.3941597 -2.0820134],[31.01215],[-0.49660167 -1.7294209 ],[30.140833],[-0.52663267 -1.5614061 ]
15,1,[27.756166],[-0.57777977 -1.3477516 ],[30.469599],[-0.47796854 -1.5899168 ],[36.433395],[-0.7463622 -1.7024212],[35.593372],[-0.38795206 -1.7801017 ],[33.600685],[-0.31883797 -1.7892416 ]
15,2,[27.740244],[-0.6609718 -1.2620766],[30.135172],[-0.8071644 -1.2741522],[42.82135],[-0.7401205 -2.4001374],[30.589067],[-0.47092274 -1.6775001 ],[27.719446],[-0.5079124 -1.4121721]
15,3,[37.426388],[-0.7630777 -1.8295556],[37.286156],[-0.58553934 -2.0440679 ],[27.977108],[-0.8729553  -0.96390265],[32.05775],[-0.67324424 -1.5130029 ],[29.724665],[-0.5095719 -1.478595 ]
16,0,[29.442343],[-0.37281755 -1.5886761 ],[30.657072],[-0.19796208 -1.7870917 ],[39.664238],[-0.34721142 -2.3707347 ],[30.68167],[-0.6802148 -1.4978099],[31.916157],[-0.52287173 -1.7211809 ]
16,1,[25.961933],[-0.38572854 -1.5000287 ],[23.68447],[-0.42538062 -1.2329221 ],[27.865923],[-0.53881234 -1.4561343 ],[39.924805],[-0.3467477 -2.6578999],[43.628834],[-0.506214  -2.8065727]
16,2,[35.756702],[-0.53761995 -2.0559886 ],[33.905838],[-0.53197384 -1.892318  ],[48.802578],[-0.58504105 -3.141475  ],[41.69038],[-0.5563761 -2.3357353],[41.226616],[-0.5913778 -2.3194065]
16,3,[24.087164],[-0.62998044 -0.9759075 ],[25.992075],[-0.5051524 -1.2877609],[31.504137],[-0.84434485 -1.3866364 ],[27.309956],[-0.08255226 -1.921686  ],[24.681156],[-0.3044699 -1.472185 ]
17,0,[30.38382],[-0.5023681 -1.5493456],[28.568838],[-0.41904613 -1.4652379 ],[22.965307],[-0.6276443 -0.8814701],[42.641785],[-0.40177175 -2.6547549 ],[41.74363],[-0.5198245 -2.3901455]
17,1,[31.093264],[-0.26910046 -2.0792968 ],[30.811832],[-0.06958921 -2.2759676 ],[26.970772],[-0.35589173 -1.5381657 ],[32.896675],[-0.0138467 -2.3441486],[33.85325],[ 0.00472685 -2.407385  ]
17,2,[29.648973],[-0.6115665 -1.3871053],[34.4126],[-0.49296322 -1.7416534 ],[40.730484],[-0.52787924 -2.3551946 ],[34.665764],[-0.63039285 -1.6074201 ],[34.20727],[-0.7837409 -1.4059424]
17,3,[43.46157],[-0.81014615 -2.07166   ],[41.6417],[-0.7846054 -1.9873629],[40.49076],[-0.9681297 -2.0358722],[32.663967],[-0.63152134 -1.3629794 ],[33.28991],[-0.8103937 -1.3459487]
18,0,[44.77868],[-0.7454699 -2.3913896],[45.04979],[-0.39867458 -2.7046506 ],[43.034405],[-0.29767108 -2.944255  ],[60.536404],[-0.75136864 -3.5194755 ],[62.04737],[-0.8888684 -3.486939 ]
18,1,[36.264256],[-0.7156605 -2.015409 ],[45.05797],[-0.5967376 -2.835888 ],[36.957592],[-0.49913594 -2.2757804 ],[31.729515],[-0.453286  -1.8908572],[30.11372],[-0.36991504 -1.824652  ]
18,2,[28.734625],[-0.63971305 -1.4075211 ],[29.850248],[-0.48915574 -1.6529583 ],[53.48045],[-0.23110141 -3.713502  ],[34.53841],[-0.39013287 -2.0381262 ],[33.463432],[-0.18771285 -2.1357677 ]
18,3,[25.020618],[-0.352658  -1.5131456],[23.173758],[-0.28339466 -1.3092018 ],[37.490273],[-0.765013  -1.8998345],[44.003944],[-1.2323512 -1.8899269],[44.04505],[-1.0205986 -2.085547 ]
19,0,[53.48911],[-1.5549202 -2.4564073],[51.44902],[-1.3204231 -2.4496038],[26.830471],[-0.61856544 -1.2141476 ],[41.63626],[-1.1595348 -1.8936988],[37.39912],[-0.83350235 -1.8290054 ]
19,1,[39.61376],[-1.5289586 -1.327251 ],[41.97133],[-1.3080579 -1.7016759],[36.211407],[-0.8574923 -1.8211062],[41.98911],[-0.66108394 -2.3026505 ],[38.062546],[-0.51030505 -2.179719  ]
19,2,[23.693594],[-0.57373595 -1.0290216 ],[23.132174],[-0.48358184 -1.108149  ],[26.902384],[-0.6594388 -1.4340038],[41.850853],[-0.66391   -2.2930393],[36.339375],[-0.54608506 -1.9719666 ]
19,3,[40.154625],[-0.90879583 -2.0466974 ],[43.537052],[-0.73765475 -2.4296892 ],[37.88302],[-1.3526757 -1.4206066],[32.53668],[-1.012805  -1.3664857],[33.228355],[-1.0181947 -1.3909343]
20,0,[25.79679],[-0.3144319 -1.528917 ],[27.978975],[-0.33015782 -1.6341854 ],[22.520016],[-0.37428436 -1.1055273 ],[26.606705],[-0.3407663 -1.3235328],[25.577314],[-0.38509256 -1.2260613 ]
20,1,[29.7391],[-0.8041991 -1.2689259],[27.365892],[-0.48152855 -1.3497818 ],[24.607157],[-0.5439483 -1.030445 ],[35.164127],[-0.459729 -1.975677],[34.14567],[-0.5242223 -1.834652 ]
20,2,[30.627462],[-1.0886029 -1.1587166],[32.874653],[-1.1109009 -1.2815405],[48.807133],[-1.1046731 -2.515625 ],[37.830788],[-0.81772447 -2.1093473 ],[34.782223],[-0.6767067 -1.9797165]
20,3,[27.03265],[-0.6402809 -1.1527612],[31.427507],[-0.8660881 -1.3428831],[37.295273],[-0.374249  -2.0466945],[33.84136],[-0.35815904 -2.1426542 ],[33.741386],[-0.36982152 -2.0741115 ]
21,0,[34.773182],[-0.6465861 -1.6031029],[29.962496],[-0.51101094 -1.3898103 ],[44.373024],[-0.91893137 -2.2165742 ],[47.994236],[-0.7724918 -2.72876  ],[50.612083],[-0.7696327 -2.9349742]
21,1,[34.890396],[-0.54424477 -1.9568775 ],[40.271736],[-0.92168134 -1.7886252 ],[32.092033],[-0.8564893 -1.3814788],[45.706177],[-0.35015103 -2.9280639 ],[48.473175],[-0.16968465 -3.2392569 ]
21,2,[26.519138],[-0.64362526 -1.1310539 ],[26.206608],[-0.4675043 -1.3127726],[27.944082],[-0.53973234 -1.3022766 ],[36.605907],[-0.7223334 -1.8693146],[39.302616],[-0.8169564 -2.0696661]
21,3,[33.760384],[-0.8162287 -1.7432029],[33.0554],[-0.8020661 -1.5886115],[30.439064],[-0.30188957 -1.6635737 ],[36.812477],[-1.0606294 -1.5166893],[35.941673],[-1.1067977 -1.4031246]
22,0,[29.163656],[-0.63937175 -1.4623784 ],[34.33385],[-0.645451  -1.8180561],[44.05708],[-0.6289455 -2.5627062],[33.901917],[-0.04796775 -2.1277022 ],[32.716442],[-0.14420134 -1.9750675 ]
22,1,[36.920563],[-0.90670884 -1.6436989 ],[36.299984],[-0.7721957 -1.8034649],[44.83657],[-0.48703513 -2.839108  ],[37.449593],[-0.6642719 -1.7816948],[37.907944],[-0.76265514 -1.6949252 ]
22,2,[23.78615],[-0.6946766 -1.0655628],[24.577007],[-0.54875934 -1.2808536 ],[39.56991],[-0.6981034 -2.2246795],[30.8501],[-0.7782208 -1.4730692],[33.174637],[-0.9296403 -1.4280686]
22,3,[26.153498],[-0.9761927 -1.0722973],[32.29864],[-0.8807438 -1.6036875],[44.439556],[-1.0421349 -2.3732772],[30.752733],[-0.69752717 -1.6829253 ],[30.59392],[-0.6744365 -1.6727679]
23,0,[30.091991],[-0.3464277 -1.7297847],[31.997252],[-0.3678394 -1.8565922],[28.269663],[-0.5866651 -1.4236771],[39.715828],[-0.366932  -2.3948092],[38.173717],[-0.46537015 -2.172686  ]
23,1,[34.040447],[-0.82733244 -1.5928006 ],[36.011314],[-0.90593094 -1.5305647 ],[41.24383],[-0.9506431 -2.0425017],[35.361313],[-0.71841466 -1.9174333 ],[33.66524],[-0.6808145 -1.7999067]
23,2,[24.666754],[-0.4835716 -1.1322289],[32.944744],[-0.52561784 -1.7200316 ],[25.261236],[-0.39800882 -1.1782324 ],[28.987822],[-0.42899945 -1.5770843 ],[26.688498],[-0.42868397 -1.3498371 ]
23,3,[33.304222],[-0.88197595 -1.5302927 ],[41.466644],[-0.55602086 -2.5025852 ],[42.35495],[-1.0373607 -2.07926  ],[41.93657],[-0.82503  -2.268807],[42.333218],[-0.8010512 -2.2594304]
24,0,[27.824966],[-0.829318  -1.1552765],[35.022305],[-0.98020875 -1.3575083 ],[35.977577],[-0.7934892 -1.9042492],[30.775084],[-1.1684515  -0.88816106],[26.27658],[-1.0910497 -0.5130028]
24,1,[32.66549],[-0.32624355 -1.9417689 ],[39.01467],[-0.44496197 -2.2469537 ],[21.768053],[-0.11607587 -1.2971964 ],[31.403395],[-0.528336  -1.5959136],[32.598778],[-0.73425657 -1.4867302 ]
24,2,[30.856333],[-0.803966  -1.4702915],[32.144787],[-0.7437434 -1.5894883],[34.11498],[-0.5704299 -2.0591152],[28.441912],[-1.1974794 -0.7095248],[31.21422],[-1.3101515 -0.7908904]
24,3,[23.178883],[-0.65343845 -0.9768934 ],[31.688631],[-0.7673835 -1.3752075],[43.574116],[-0.94572043 -2.2895243 ],[23.330336],[-1.0608966  -0.31108552],[23.05134],[-1.1948853  -0.20909032]
25,0,[36.85679],[-1.2397505 -1.5129226],[43.139427],[-1.1870008 -2.0678728],[51.366478],[-0.8576641 -3.3327117],[36.450726],[-0.4122477 -2.1529522],[37.545387],[-0.42565286 -2.2848682 ]
25,1,[38.238583],[-0.98628277 -1.8957033 ],[40.38607],[-0.8671729 -2.2084982],[48.52233],[-0.6721063 -2.877619 ],[31.495827],[-0.5113124 -1.809734 ],[30.840248],[-0.5089946 -1.7346827]
25,2,[19.561558],[-0.94422597 -0.32868272],[23.217161],[-0.85731643 -0.6944977 ],[29.813274],[-0.51159775 -1.4809699 ],[25.093676],[-0.8466263  -0.78508556],[25.353527],[-0.85198617 -0.81111324]
25,3,[39.56682],[-0.77071285 -2.018787  ],[35.661285],[-0.7725723 -1.6997696],[30.842056],[-0.8624545 -1.2909644],[35.950954],[-0.8993161 -1.4050893],[36.418407],[-0.8540114 -1.4130696]
26,0,[24.755932],[-0.64975965 -1.1766993 ],[30.321648],[-0.49244806 -1.7601635 ],[37.765083],[-0.8142555 -2.1046703],[23.682432],[-0.81677866 -0.590975  ],[24.977816],[-0.7898152 -0.6660625]
26,1,[51.450928],[-1.2714769 -2.6254292],[50.654297],[-1.356704  -2.3905432],[37.762676],[-0.7175909 -2.098092 ],[35.08488],[-0.762161  -1.6041695],[36.63652],[-0.88636136 -1.5824958 ]
26,2,[29.993374],[-0.65986705 -1.414145  ],[35.389584],[-0.64160687 -1.8701066 ],[33.18732],[-0.37030777 -2.0303166 ],[34.444435],[-0.66677564 -1.5562618 ],[33.039402],[-0.7740588 -1.3667034]
26,3,[26.285784],[-0.6230568 -1.3788664],[27.847486],[-0.59376645 -1.3457397 ],[30.51816],[-0.86679006 -1.3373554 ],[38.77336],[-0.62920696 -2.0879166 ],[37.52927],[-0.6587231 -1.9763312]
27,0,[26.587837],[-0.9553065 -1.0605838],[27.223204],[-0.6911458 -1.3219218],[32.634037],[-0.9189954 -1.5103858],[29.756464],[-0.4493506 -1.5839448],[34.22126],[-0.5659669 -1.8901474]
27,1,[29.08091],[-0.85220563 -1.1368531 ],[31.364864],[-0.6513182 -1.4726412],[31.034883],[-0.56011164 -1.6147988 ],[30.68889],[-0.5620082 -1.5157794],[30.229748],[-0.3403866 -1.6137254]
27,2,[34.6007],[-0.4283212 -1.9492505],[35.76129],[-0.37048957 -2.1091135 ],[38.433178],[-1.0453686 -1.7630293],[33.534657],[-0.2948502 -1.978491 ],[32.79518],[-0.2897143 -1.9865588]
27,3,[29.919142],[-0.58997905 -1.6483568 ],[34.579475],[-0.7193006 -1.8018353],[40.61655],[-0.9355732 -2.3013525],[31.067331],[-0.45794266 -1.4829178 ],[31.16973],[-0.54102314 -1.4532003 ]
28,0,[29.595985],[-0.3741847 -1.7199883],[31.29038],[-0.34680945 -1.9047302 ],[30.856773],[-0.9653162 -1.215033 ],[37.91249],[-0.34528667 -2.440201  ],[37.018456],[-0.42834678 -2.308031  ]
28,1,[31.028507],[-0.48693836 -1.6275004 ],[32.865875],[-0.26555958 -1.9037668 ],[28.976995],[-0.7230294 -1.2723699],[27.927858],[-0.6349201 -1.2819753],[30.599607],[-0.63748   -1.4996042]
28,2,[29.27881],[-0.51948774 -1.6216431 ],[30.378609],[-0.38214532 -1.8787903 ],[34.158752],[-0.31657717 -2.0034401 ],[29.578424],[-0.22267759 -1.7430782 ],[30.507309],[-0.09007617 -1.9698356 ]
28,3,[28.718473],[-0.5160631 -1.5556226],[28.95739],[-0.48149475 -1.6201279 ],[21.117426],[-0.47360012 -0.92366374],[41.810112],[-0.20836076 -2.8455465 ],[42.27393],[-0.33763155 -2.7559202 ]
29,0,[33.726234],[-0.38618287 -2.0862567 ],[30.819342],[-0.2825073 -1.9404635],[51.40348],[-0.09035823 -3.746399  ],[30.259047],[-0.46342695 -1.4602578 ],[31.80503],[-0.5600247 -1.5218277]
29,1,[21.20342],[-0.2791141 -1.3003404],[19.352089],[-0.20014867 -1.1523219 ],[25.761637],[ 0.01553891 -1.8104492 ],[32.190308],[-0.65351516 -1.6382157 ],[34.347],[-0.9073471 -1.5735378]
29,2,[32.231552],[-0.40686098 -1.9623722 ],[30.73527],[-0.3968585 -1.8694588],[33.023125],[-0.80316985 -1.4463922 ],[38.170826],[-0.5974658 -2.1279635],[41.605774],[-0.593989  -2.3820786]
29,3,[28.803347],[-1.000197  -1.0760052],[26.171335],[-0.8305946 -1.0067043],[45.0794],[-0.7980719 -2.57136  ],[30.940733],[-0.56043756 -1.5417395 ],[34.475395],[-0.67772543 -1.7338929 ]
30,0,[32.9039],[-0.6291101 -1.6347544],[35.378708],[-0.55092746 -1.8693713 ],[31.71189],[-0.5206607 -1.775286 ],[40.939686],[-0.59862614 -2.3632464 ],[36.521217],[-0.6777701 -1.877768 ]
30,1,[31.226479],[-1.0492322 -1.2462574],[29.139885],[-0.70516187 -1.4478233 ],[29.384338],[-0.94782716 -1.1768479 ],[24.848328],[-0.5698011 -1.2710065],[26.791252],[-0.6129357 -1.420721 ]
30,2,[20.373999],[-0.39739412 -1.0229685 ],[22.426058],[-0.36248437 -1.2242804 ],[25.433409],[-0.95053476 -0.8413022 ],[34.24535],[-0.6934968 -1.6367652],[33.861225],[-0.711549  -1.5868001]
30,3,[27.17496],[-0.71286136 -1.1714921 ],[29.6602],[-0.7350887 -1.3195069],[37.11113],[-0.6119467 -1.9143465],[31.75871],[-0.73344254 -1.5575773 ],[33.974777],[-0.71864283 -1.7066255 ]
31,0,[15.448271],[-0.17809731 -0.7091138 ],[21.24097],[-0.23934832 -1.040707  ],[42.746925],[-0.8849865 -2.280966 ],[30.817732],[-0.41330007 -1.6664733 ],[29.55849],[-0.3563669 -1.6391072]
31,1,[25.287827],[-0.5461363 -1.0989833],[26.951138],[-0.42353716 -1.3576525 ],[40.165615],[-0.70487255 -2.2175999 ],[43.828358],[-0.64312965 -2.3474262 ],[45.449753],[-0.75228226 -2.4282072 ]
31,2,[26.218304],[-0.6265375 -1.2814206],[31.82586],[-0.53275436 -1.8361454 ],[61.142498],[-0.79127306 -3.8416817 ],[40.16366],[-0.6986793 -2.1510372],[39.940907],[-0.6715568 -2.1530309]
31,3,[22.462011],[-0.14321199 -1.388327  ],[26.034456],[ 0.03007221 -1.7909497 ],[33.631435],[-0.6716501 -1.7997522],[39.209167],[-0.7531706 -1.9638612],[43.145294],[-0.7443648 -2.3628454]
32,0,[30.105711],[-1.1442006 -1.0184957],[31.783571],[-1.1793238 -1.1072898],[33.612087],[-1.0762991 -1.3589282],[37.146633],[-1.0787783 -1.4422252],[37.69596],[-0.9890244 -1.5747564]
32,1,[26.733738],[-0.8017272 -1.0864286],[29.839788],[-0.75102156 -1.3044133 ],[28.769386],[-0.6443033 -1.3918892],[36.228455],[-0.9782389 -1.2888085],[41.54457],[-1.108189  -1.5949676]
32,2,[27.751535],[-0.10007661 -1.9159164 ],[27.050003],[ 0.0523266 -1.9231777],[40.578743],[-0.5127067 -2.4364426],[35.072212],[-0.6323694 -1.7589765],[32.74798],[-0.77535605 -1.478996  ]
32,3,[23.961962],[-0.36477336 -1.2781305 ],[23.5521],[-0.21335286 -1.3904476 ],[38.00626],[-0.5888206 -2.2001245],[34.378956],[-0.46818912 -1.9042246 ],[32.3063],[-0.51629746 -1.6555649 ]
33,0,[33.760384],[-0.8162287 -1.7432029],[32.46674],[-0.82518303 -1.5208528 ],[30.439064],[-0.30188957 -1.6635737 ],[36.812477],[-1.0606294 -1.5166893],[35.941673],[-1.1067977 -1.4031246]
33,1,[22.268347],[-0.4969516 -1.045603 ],[25.76766],[-0.41347373 -1.3521353 ],[37.922947],[-0.49448305 -2.2188745 ],[34.12294],[-0.15995379 -2.5154004 ],[34.6075],[-0.31179053 -2.355848  ]
33,2,[22.54794],[-0.3847315 -1.155219 ],[25.784542],[-0.56925106 -1.1052749 ],[28.18773],[-0.5563997 -1.3961924],[33.845478],[-0.42984995 -1.9705143 ],[37.393997],[-0.36384216 -2.366003  ]
33,3,[33.23993],[-0.96676546 -1.5169085 ],[34.457935],[-0.9948401 -1.4814497],[39.988747],[-1.2278008 -1.7636501],[40.878128],[-0.61338806 -2.3927443 ],[43.429348],[-0.5806215 -2.689241 ]
34,0,[34.451874],[-0.6509464 -1.7508795],[36.630444],[-0.6321173 -1.8669833],[41.005093],[-0.6025805 -2.4822195],[33.4685],[-0.5704888 -1.5903206],[35.197388],[-0.5284249 -1.7526464]
34,1,[30.625885],[-0.04863139 -2.0477622 ],[28.97482],[-0.00346909 -1.8816351 ],[37.392937],[-0.2701395 -2.413143 ],[39.06699],[-0.44006076 -2.1587522 ],[43.726746],[-0.56362945 -2.4506836 ]
34,2,[15.479563],[-0.37856853 -0.5242958 ],[17.869213],[-0.5314078 -0.6059173],[23.266882],[-0.505239  -1.0275147],[28.725636],[-0.7243798 -1.2041186],[29.178654],[-0.76711744 -1.2137246 ]
34,3,[25.733465],[-0.46791652 -1.233906  ],[23.437885],[-0.39491138 -1.1632836 ],[32.04666],[-0.58176327 -1.6191207 ],[31.112343],[-0.7394627 -1.4306564],[30.619364],[-0.7244751 -1.3446144]
35,0,[26.225412],[-0.06092647 -1.7701877 ],[28.382576],[-0.1595858 -1.9088422],[25.834354],[-0.74760276 -1.1741561 ],[33.685608],[-0.33828983 -2.0628123 ],[32.621304],[-0.3281015 -2.0264566]
35,1,[17.891592],[-0.39381126 -0.882643  ],[17.22282],[-0.40930048 -0.7239265 ],[19.601334],[-0.52718204 -0.78991663],[29.703497],[-0.22387125 -2.079397  ],[26.74142],[-0.24068555 -1.7804319 ]
35,2,[31.6083],[-0.57554674 -1.6745664 ],[28.324858],[-0.36751583 -1.5694504 ],[29.357918],[-0.90941936 -1.0695534 ],[35.158184],[-1.1133602 -1.1354096],[37.09691],[-1.1753639 -1.2228048]
35,3,[30.828587],[-0.7222105 -1.4136868],[33.16836],[-0.47745568 -1.8555233 ],[37.987427],[-0.5761417 -2.0960162],[33.80947],[-0.9615366 -1.2334547],[34.47978],[-1.0478282 -1.1540517]
36,0,[27.945845],[-0.8378511 -1.1254457],[30.647985],[-0.6508966 -1.4908745],[31.383184],[-0.2919747 -1.9838836],[27.285002],[-0.541835  -1.4629476],[27.658],[-0.6652031 -1.2550033]
36,1,[32.979965],[-0.7102829 -1.5515497],[36.2396],[-0.27111256 -2.1596837 ],[32.29923],[-0.23200932 -2.0057395 ],[45.655117],[-1.1728163 -2.0047421],[44.744766],[-1.0653404 -2.0983882]
36,2,[46.592777],[-0.98828113 -2.4020324 ],[39.96302],[-0.73974764 -2.0480723 ],[41.398342],[-0.9147432 -2.134647 ],[33.23784],[-0.57380974 -1.420973  ],[33.098087],[-0.59746444 -1.3712388 ]
36,3,[29.092377],[-0.42751777 -1.8074468 ],[26.822443],[-0.5722855 -1.450605 ],[26.732136],[-0.67611223 -1.2115443 ],[25.560663],[-0.4976184 -1.4225042],[28.79556],[-0.5287324 -1.6345017]
37,0,[29.734207],[-0.51512223 -1.6406077 ],[31.810501],[-0.52518004 -1.71409   ],[39.07375],[-0.4170742 -2.3756452],[31.964745],[-0.6781559 -1.5859249],[32.254112],[-0.5757569 -1.7384068]
37,1,[28.767952],[-0.5474341 -1.4717886],[31.773188],[-0.6253421 -1.6095057],[37.31935],[-1.1344125 -1.5222447],[36.374874],[-0.45506045 -1.9512105 ],[37.93229],[-0.5328325 -2.063318 ]
37,2,[25.138372],[-0.26690885 -1.6402733 ],[25.70923],[-0.31753966 -1.4145027 ],[57.7696],[-0.67501044 -3.859997  ],[28.794914],[-0.8896615 -1.0125822],[37.957104],[-1.2659812 -1.4331632]
37,3,[24.268076],[-0.6044142 -1.1796422],[25.275911],[-0.41265222 -1.4219149 ],[41.764572],[-0.8345604 -2.1891918],[45.426567],[-1.1599169 -2.3640397],[44.794968],[-1.0889316 -2.3816655]
38,0,[23.245836],[-0.4428407 -1.1007862],[21.162031],[-0.33688554 -0.9466698 ],[27.342304],[-0.43277913 -1.4203125 ],[23.142897],[-0.37429363 -1.1151621 ],[22.536808],[-0.4319059 -1.0681516]
38,1,[43.667553],[-1.5381002 -1.6338581],[36.28807],[-1.0924387 -1.3169811],[52.71474],[-1.3294103 -2.6592357],[39.411068],[-1.3365202 -1.4106479],[39.664585],[-1.5451639 -1.225617 ]
38,2,[32.979145],[-0.41544068 -1.9630556 ],[43.52804],[-0.822629  -2.3487163],[34.407536],[-0.3197671 -2.0652046],[41.755825],[-0.55070794 -2.5568871 ],[37.000763],[-0.615902  -2.1576762]
38,3,[26.292166],[-0.70181006 -1.0624402 ],[24.33629],[-0.49816847 -1.1356468 ],[35.45032],[-0.6557866 -1.7219208],[46.905815],[-0.89995205 -2.5630615 ],[44.194065],[-0.8510601 -2.3433557]
39,0,[18.852093],[-0.30305263 -0.8341891 ],[20.494795],[-0.24748558 -0.97642964],[31.162277],[-0.5328562 -1.6284881],[28.378763],[-0.14826438 -1.8027399 ],[30.046412],[-0.29853278 -1.7920344 ]
39,1,[34.535442],[-1.0004663 -1.4121413],[33.89458],[-0.7466147 -1.5868518],[30.56437],[-1.028754  -1.0686312],[43.54941],[-0.96464527 -2.0628695 ],[42.0642],[-0.94099736 -1.9879105 ]
39,2,[21.302706],[ 0.08528642 -1.4981972 ],[26.30268],[ 0.2642646 -2.0470364],[25.850248],[-0.5141825 -1.3850418],[31.871529],[-0.576605  -1.5341766],[35.18221],[-0.88850224 -1.5295393 ]
39,3,[40.09944],[-1.4938995 -1.39745  ],[37.21298],[-1.266021  -1.3756361],[52.571987],[-1.4456676 -2.2647035],[39.599873],[-1.2407047 -1.644426 ],[40.66568],[-1.2966661 -1.6916885]
40,0,[23.065111],[-0.37726086 -1.1199833 ],[25.261763],[-0.21262273 -1.4622923 ],[36.64129],[-0.6973895 -1.8954552],[36.260197],[-0.64902973 -1.8406916 ],[37.532036],[-0.6040322 -1.9804693]
40,1,[30.359295],[-0.7801716 -1.2941158],[27.4643],[-0.74298155 -1.0699174 ],[30.42899],[-0.3447121 -1.8598788],[27.052757],[-0.5186781 -1.3416325],[27.338232],[-0.67535317 -1.1600069 ]
40,2,[28.460558],[-0.64725506 -1.3136868 ],[28.964119],[-0.6497132 -1.2701812],[28.312208],[-0.5597703 -1.5756549],[35.060112],[-0.44669768 -1.8833768 ],[37.948647],[-0.43909356 -2.1236784 ]
40,3,[25.873528],[-0.55289215 -1.2515794 ],[33.533073],[-0.5428815 -1.807738 ],[33.912075],[-0.77802145 -1.6774828 ],[31.651432],[-0.6206646 -1.6054612],[33.23494],[-0.63103914 -1.786489  ]
41,0,[26.850954],[-0.45433122 -1.4834591 ],[30.346838],[-0.42786992 -1.6635195 ],[36.110886],[-0.70693105 -1.9570091 ],[30.685862],[-0.7057876 -1.5532893],[28.50429],[-0.80491245 -1.2238294 ]
41,1,[31.317463],[-0.45610902 -1.7645204 ],[31.206194],[-0.4655592 -1.691727 ],[27.368235],[-0.50569856 -1.3334534 ],[39.832893],[-1.2416681 -1.5337305],[39.000446],[-1.254792  -1.4151151]
41,2,[21.049372],[-0.5524652  -0.94480836],[26.621817],[-0.5179192 -1.3360615],[31.566536],[-0.5150057 -1.8105667],[33.016945],[-0.38639408 -1.8943753 ],[34.145557],[-0.47666445 -1.8534458 ]
41,3,[39.772537],[-0.7618946 -2.1150513],[50.213734],[-0.8088423 -2.742892 ],[28.213942],[-0.7662416 -1.1012335],[39.77994],[-0.73242825 -1.963444  ],[45.719063],[-1.1283562 -2.084978 ]
42,0,[30.495575],[-0.45934525 -1.7751951 ],[33.169827],[-0.4210459 -1.8982239],[32.19787],[-0.3146283 -2.0191689],[35.798954],[-0.7714344 -1.7193373],[32.875553],[-0.7886298 -1.5845934]
42,1,[28.13295],[-1.024624  -0.9527323],[26.535254],[-0.78948504 -1.0466543 ],[43.409668],[-0.76069045 -2.320032  ],[31.443064],[-0.69126666 -1.5404572 ],[31.24133],[-0.76728964 -1.4169784 ]
42,2,[24.194515],[-0.44778362 -1.2091825 ],[24.491907],[-0.39672378 -1.2003118 ],[29.963596],[-0.4932418 -1.4982579],[28.677366],[-0.44205344 -1.4745587 ],[28.513197],[-0.27791423 -1.6462437 ]
42,3,[27.060534],[-0.60470414 -1.3137901 ],[28.588465],[-0.53434455 -1.4951754 ],[46.942154],[-0.554818  -2.8118415],[31.318155],[-0.6337805 -1.5802307],[31.768486],[-0.7508339 -1.4982363]
43,0,[31.558638],[-0.737665  -1.5413761],[30.407726],[-0.6865307 -1.4253364],[28.020315],[-1.0607941 -0.8877529],[29.984156],[-0.34381706 -1.7814919 ],[33.755486],[-0.32555518 -2.133831  ]
43,1,[23.330784],[-0.6824899 -0.9092136],[27.50643],[-0.64060134 -1.1370416 ],[28.813742],[-0.44800225 -1.622076  ],[27.37348],[-0.7289594 -1.1339422],[27.106602],[-0.7375474 -1.1638217]
43,2,[26.646423],[-0.28446236 -1.4318857 ],[26.54271],[-0.3745954 -1.3229722],[32.982964],[-0.5378926 -1.7790229],[42.177338],[-0.7772516 -2.1064136],[45.10581],[-1.0427969 -2.0650363]
43,3,[26.387915],[-0.92339176 -0.9151226 ],[27.817966],[-0.85701907 -1.0706043 ],[29.707903],[-0.6895782 -1.2145218],[37.12111],[-0.61029255 -2.022566  ],[36.94498],[-0.58189833 -2.0177627 ]
44,0,[21.823856],[-0.75528103 -0.6159075 ],[19.18564],[-0.60957956 -0.5192809 ],[19.858868],[-0.53110415 -0.64182025],[31.56301],[-0.5702907 -1.5614767],[29.090746],[-0.7228821 -1.1655363]
44,1,[23.191328],[-0.3259889 -1.4202023],[24.108053],[-0.291515  -1.5259542],[22.70924],[-0.47383332 -1.0757631 ],[37.361145],[-0.94012034 -1.8584533 ],[40.34911],[-0.9606617 -2.0614429]
44,2,[29.54947],[ 0.02509713 -2.0788763 ],[31.284307],[-0.26761687 -1.768504  ],[23.446028],[-0.4909887 -1.1663976],[39.2186],[-0.76647127 -2.0768344 ],[37.65412],[-0.6648844 -2.0255198]
44,3,[23.529636],[ 0.06815646 -1.8525227 ],[31.69152],[ 0.011884  -2.4081938],[38.680065],[-0.21819396 -2.5689235 ],[34.7405],[-0.55131847 -1.9181496 ],[37.008965],[-0.74145114 -1.9436878 ]
45,0,[31.394762],[-0.8994563 -1.2802477],[32.582836],[-0.8376667 -1.5017914],[40.69986],[-0.6816772 -2.381273 ],[32.154617],[-0.72282016 -1.4374559 ],[32.071915],[-0.872819 -1.418025]
45,1,[43.78002],[-0.37894043 -2.944717  ],[46.778847],[-0.28216907 -3.2826655 ],[27.518513],[-0.21367356 -1.7810473 ],[42.004253],[-0.5022611 -2.4309607],[39.44714],[-0.5197235 -2.2409384]
45,2,[34.10469],[-0.90298414 -1.6278956 ],[33.36579],[-0.8500473 -1.6073315],[47.8768],[-0.6529816 -2.8553967],[43.824738],[-0.8606087 -2.4177966],[40.429996],[-0.78960794 -2.1972582 ]
45,3,[36.3592],[-0.71521467 -1.9991078 ],[32.937283],[-0.7055544 -1.7115557],[40.150425],[-0.66156214 -2.253499  ],[41.393505],[-0.8610538 -2.077727 ],[42.46668],[-0.85979146 -2.1680038 ]
46,0,[34.890327],[-0.29216275 -2.266409  ],[31.333912],[-0.42904478 -1.7558284 ],[39.827824],[-0.17936626 -2.8266344 ],[28.586718],[-0.20743725 -1.6878546 ],[28.095463],[-0.24740951 -1.6129172 ]
46,1,[30.40076],[-0.4020558 -1.7959087],[27.138433],[-0.4270055 -1.4565625],[35.281662],[-1.1555506 -1.3104794],[32.693146],[-0.6013896 -1.7773786],[31.74653],[-0.57342625 -1.752457  ]
46,2,[42.31704],[-0.75123906 -2.517705  ],[42.786854],[-0.8092819 -2.4186828],[37.77939],[-0.7281617 -2.1854334],[37.735554],[-0.52047515 -2.218476  ],[38.485165],[-0.5399153 -2.2929168]
46,3,[29.15913],[-0.8692536 -1.2490668],[32.4135],[-0.87552786 -1.4972539 ],[44.348732],[-0.34139085 -2.9307098 ],[28.025192],[-0.54472095 -1.3783302 ],[27.70029],[-0.7790808 -1.1634607]
47,0,[37.94219],[-0.88212466 -1.8542783 ],[42.986862],[-0.91247463 -2.1319842 ],[51.450813],[-1.2014703 -2.406877 ],[30.061483],[-0.8150458 -1.2847304],[28.73289],[-0.7750515 -1.2287974]
47,1,[29.161388],[-0.72743934 -1.4813468 ],[31.945745],[-0.7186122 -1.5420694],[29.744543],[-0.6028168 -1.5177258],[32.150173],[-0.6457664 -1.5824958],[32.571747],[-0.72095835 -1.5091282 ]
47,2,[30.302683],[-0.53215665 -1.6196721 ],[29.501293],[-0.20422792 -1.8156371 ],[25.269098],[-0.63750815 -1.0780916 ],[41.21839],[-0.5766008 -2.267361 ],[40.487408],[-0.5087466 -2.3279517]
47,3,[21.274519],[-0.5063038 -0.916354 ],[22.516348],[-0.41841567 -1.1290584 ],[22.699942],[-0.46585226 -1.0616425 ],[25.892052],[-0.8885085  -0.84599113],[26.680084],[-0.9788225  -0.77383363]
48,0,[26.851057],[-0.46994138 -1.421776  ],[26.940962],[-0.1974529 -1.7206675],[54.656925],[-0.8348435 -3.3457713],[33.04541],[-0.63504356 -1.5910702 ],[35.35164],[-0.78137654 -1.6554492 ]
48,1,[23.403757],[-0.63956726 -0.90224814],[24.826288],[-0.69799244 -0.83865523],[34.32613],[-0.42436048 -2.005369  ],[30.40648],[-0.4827802 -1.5193025],[30.27118],[-0.51851076 -1.4504919 ]
48,2,[33.370964],[-0.8860364 -1.5277113],[34.043465],[-0.9894842 -1.3718299],[29.312235],[-0.6365989 -1.4454644],[36.394363],[-1.231002  -1.2721118],[40.816235],[-1.5778842 -1.3170083]
48,3,[32.509586],[-0.66495705 -1.5528283 ],[33.488533],[-0.62812537 -1.4884406 ],[37.10748],[-1.0027971 -1.702538 ],[38.693703],[-0.9091061 -1.8639572],[32.443493],[-0.50303066 -1.8589754 ]
49,0,[22.464645],[-0.5759819 -0.9658445],[25.381384],[-0.5713764 -1.2048113],[28.732477],[-0.34342894 -1.6347687 ],[33.80813],[-0.53014785 -1.9370049 ],[37.20576],[-0.633024  -2.0879128]
49,1,[26.635431],[-0.40075216 -1.3392606 ],[26.549438],[-0.47437572 -1.2361642 ],[22.212286],[-0.46591982 -0.8678846 ],[33.39154],[-0.58921987 -1.7078843 ],[28.731846],[-0.62653005 -1.2652954 ]
49,2,[34.077503],[-1.3181956 -1.1076322],[27.995647],[-0.9725691 -0.8040261],[40.037632],[-1.0600126 -1.9168007],[35.105362],[-0.6396879 -1.9505988],[35.797512],[-0.7248728 -1.9161221]
49,3,[27.371614],[-0.64726955 -1.2604363 ],[26.680508],[-0.5911879 -1.2226079],[23.94205],[-0.41445512 -1.1368332 ],[33.577206],[-0.698132  -1.7055318],[32.867676],[-0.777468  -1.5985782]
50,0,[18.236403],[-0.6466938  -0.56028575],[18.269724],[-0.61467457 -0.57998085],[32.494064],[-0.8214823 -1.4206793],[27.095673],[-0.5632363 -1.3156794],[28.914076],[-0.68429226 -1.3166969 ]
50,1,[35.23557],[-0.6360574 -2.1719782],[39.428596],[-0.48482522 -2.5540512 ],[38.5255],[-0.6093175 -2.305566 ],[30.542767],[-0.7408849 -1.4236095],[28.803751],[-0.5428486 -1.554409 ]
