Predicted Age,Predicted Gender,Actual Age,Actual Gender
64.8790481168443,1,74.255646,1
33.39263929047892,1,21.755304,0
31.224632877426707,1,27.370636,0
39.10754764926009,1,46.601986,1
27.232405781852343,0,24.833334,1
39.812388032594455,0,23.704655,1
43.2973149300133,1,74.91273,1
31.528722364250306,1,22.842916,0
47.66692840826521,1,35.3987,1
34.59155675295574,0,31.066734,1
31.961960036694236,1,26.81759,0
34.69792168888225,1,51.744354,0
39.04961584357616,1,47.247433,1
37.942906846564256,1,34.998287,0
35.95342790399839,1,27.40965,1
35.03778964789993,1,25.775154,1
51.01709548851508,0,53.853867,1
39.100160217356,1,53.976387,1
32.643652279850805,1,28.72382,0
37.15972383615688,1,15.949008,0
61.72051127625001,0,78.97707,1
40.93092204192286,1,34.41581,0
40.894706981465475,1,34.57529,0
38.82443744479011,1,53.368584,1
41.8967769105243,1,43.267967,1
35.46311111731735,1,27.211157,1
37.176211764763615,1,31.038671,1
30.222871504882427,1,30.542437,0
41.281150330051084,1,57.065365,1
37.06785465482622,1,44.888775,1
33.59307939476743,1,35.588295,1
38.33585420798743,1,33.860027,0
37.62334856385413,1,80.994865,0
38.95642921555065,1,30.430185,0
39.43206972287006,1,21.304928,1
45.0074119526334,1,57.586926,1
52.77674207822706,1,67.956535,1
32.23241942406815,0,23.452772,1
44.37195069364058,1,68.99076,1
41.098884332500624,1,33.35421,0
74.19048352717809,0,60.540382,1
37.45262846940784,1,27.546543,1
25.226486282426787,1,34.623886,0
41.594129061191865,0,46.63484,1
42.142087021487114,1,33.097534,1
31.214835888010747,1,20.539015,0
41.685838202836564,1,59.582134,0
38.062770169763716,1,35.41581,1
32.78897855724584,1,36.035934,0
38.182178980255024,1,31.390486,0
37.74822176938301,0,26.173512,1
33.47401883063277,1,37.331623,0
35.91689020353411,0,41.485626,1
38.34656022281966,1,23.456194,1
38.187341220365475,1,32.79295,0
40.17450406859608,1,42.39528,0
32.13226786890949,1,43.042778,1
35.36043861702538,1,25.654005,0
32.72028312244274,1,30.281656,1
33.86656801331726,1,13.245379,0
50.27300441195997,1,59.54175,1
34.56602338129832,1,29.347364,1
28.689985786371302,1,31.20842,1
34.33990266884132,1,43.91684,0
34.074602960942876,1,15.300137,1
31.83949254772478,0,57.363106,1
35.06496566689407,1,46.107803,1
37.247996605664575,1,27.611567,0
39.49298210766538,1,27.38638,0
38.49215280625215,1,29.364477,1
33.791618227586696,1,7.883299,0
81.11004004951107,1,67.60472,1
35.48508392604143,0,31.437029,1
36.540975841648624,1,27.709446,0
35.861959462041376,1,31.476728,0
31.816093465319383,0,52.511635,1
34.47093676212104,1,29.986652,1
54.16458062855546,1,51.617043,1
26.360148523189977,1,30.783367,0
32.16440767880348,0,58.52601,1
58.991601612784294,1,58.692333,1
71.79057704852934,1,41.966118,0
36.60525034016666,0,38.587612,1
32.07583531500367,1,52.296715,1
29.652815264749286,0,41.07974,1
37.943052802757855,1,41.033195,1
36.2095106063028,1,45.20842,0
41.90782477012576,1,47.50616,1
42.680794687933655,0,52.441822,1
45.80719940053889,0,56.361053,1
49.24432692487155,0,24.89425,1
35.98358194146895,1,45.775154,1
35.664530664483955,1,32.033195,0
38.850728764400245,1,45.046886,0
34.36606723702017,0,40.592403,1
42.76577320054547,0,32.931896,1
34.43687263504302,1,31.457563,0
29.625486887974105,1,21.215263,0
31.449320914614965,0,25.203629,1
29.03079605905993,1,35.368584,0
37.88321332401724,1,31.882614,0
38.90430108903852,1,43.476044,0
32.088939364490386,1,24.914783,0
55.75973586839886,1,24.470568,0
57.213738665857164,1,60.935318,0
35.22378905124456,1,24.508898,0
32.97507782535451,1,27.640314,1
32.979922546728005,1,22.057837,0
43.114369083876866,1,49.977757,1
32.81756548611145,1,25.103012,0
36.50840968603122,0,44.72108,1
67.2932314157985,1,88.45619,0
39.98095463302642,1,22.13039,1
35.17762080263772,1,37.890144,0
33.56914001838222,1,27.776524,0
37.7292397823102,1,59.186516,0
35.52731903932603,1,41.08932,1
23.66164896069236,0,24.777208,0
54.91648036146811,0,73.94695,1
30.372173168076806,1,34.079056,0
30.968941952273532,0,13.873033,1
39.04897312419734,1,43.807323,1
45.114518192385304,1,53.192677,1
28.49857192037115,0,24.717659,1
38.47143982993597,1,22.599932,1
31.850281783193715,1,28.355577,0
25.963426785813027,0,22.134497,1
27.912870200538187,1,21.969542,0
39.31667470770272,1,16.918892,1
69.47619833869463,1,74.14887,1
49.420448678798486,1,31.185146,0
34.060852351124865,1,31.601301,0
34.154558788050394,1,24.37132,1
43.60840775349468,0,32.60404,1
31.546334411611248,1,29.471937,1
25.29443785276953,0,12.232375,1
35.948761146755686,1,49.67317,1
35.5471793241954,1,41.21937,0
35.821197994185134,1,27.111225,1
31.986316796580446,0,32.992813,1
36.342284651048324,1,33.36174,1
30.718926674543383,1,36.03525,0
61.12130988882663,0,66.020195,1
41.616188931505114,1,27.338467,1
37.66876526609569,1,52.68275,0
42.15108765342572,1,64.68138,1
35.35760655474256,1,29.856606,0
29.31274373525107,1,32.539013,0
37.88437073102613,0,32.137234,1
40.12232729001941,1,38.804585,1
45.35628694517712,1,51.02567,0
28.19211640683026,0,30.751883,1
33.82855026583719,1,38.81143,1
37.55443291444314,1,34.296715,0
40.14517071463514,1,81.411705,0
34.1449218383204,1,42.17146,0
39.10228938533807,1,46.578712,0
43.4257896686351,1,38.422657,1
35.153530348788955,1,40.540382,1
49.08720252182726,0,51.83265,1
38.08738555378243,1,39.033195,1
45.06385346876163,1,49.298084,1
36.10099345667943,1,48.59514,1
23.085178329945794,0,23.973648,0
38.66659350331772,0,36.235798,1
34.41792009527244,1,34.27481,1
30.81506955564803,1,22.37132,0
24.073416989184878,0,19.100273,1
26.331340099399,1,17.996235,1
31.72205158521207,1,31.79295,0
36.58835142964637,0,43.319984,1
32.22562349884338,1,21.231691,0
31.990216643648004,0,29.965435,1
36.432150135510724,1,47.36037,1
36.61776288297406,1,32.053047,1
36.40055958181895,1,44.934635,0
34.13682511052812,1,26.588295,1
33.75357615407435,1,38.64853,1
32.063723511569926,1,39.8436,0
43.242672259955306,0,60.56297,1
36.21500700927754,0,42.129707,1
34.5833716832568,1,28.903833,0
52.56570222545779,1,33.695755,1
34.3536980897714,0,39.417866,1
35.93075604192601,1,25.955168,1
45.56554587632098,1,65.42265,1
35.41241438575648,1,45.27139,0
35.88303988947653,1,19.652636,0
35.7838434511637,1,31.690966,1
38.59737953993209,0,36.784737,1
32.66275333644995,1,42.578712,0
39.00656900900436,1,37.64716,0
36.48937136498897,1,33.79569,1
33.206963807458685,1,28.611567,0
37.23902029975823,1,48.967487,0
37.97904764860735,1,44.499317,1
38.51649548264598,1,47.76078,0
32.23241942406815,1,23.452772,1
41.88136828955971,1,39.804585,1
46.454810872490086,1,76.11875,1
37.21216307981853,1,29.279604,0
29.932971776775112,1,19.64716,0
36.675872652788776,1,38.798428,1
35.07633104523248,1,27.797056,0
40.01824516017348,0,39.304245,1
32.66596053175667,1,31.604723,0
28.189576256934643,1,28.470568,1
39.919464825044145,1,36.439766,0
38.96666151291243,1,38.267967,1
35.883918187273096,1,50.831963,1
29.560317447532157,1,32.226215,0
41.18928755030786,1,26.632101,0
28.716936469487607,1,14.565708,0
38.13676227801348,1,24.557495,1
38.31464702912099,1,38.881245,0
37.832512751503906,1,40.75462,1
37.186469668475155,1,39.325462,1
40.78712702424312,1,41.068787,1
45.1742552457269,1,30.76215,0
35.839089150758404,1,26.14271,0
29.29285784403195,0,35.991444,1
34.11895699966963,1,42.27276,0
42.10039220218234,0,40.693703,1
33.37634853076529,1,16.020191,0
40.79183091069297,1,21.767626,1
34.5335007564755,1,42.456196,1
34.24033109750458,1,40.04757,1
39.93569925078832,1,39.103012,0
40.394520227271684,1,51.038673,1
36.80268681962901,1,33.009926,0
31.369891297994897,1,20.929157,0
35.30594318347847,1,51.87851,0
56.1503530519944,1,64.554756,1
50.88163149672787,0,46.42471,1
23.126688783532344,1,44.636208,0
47.3761631855362,0,60.715607,1
40.66660305722,1,50.08932,1
24.61528703982607,0,29.713552,1
31.835131786361643,0,38.889458,1
53.408181859991,0,70.4206,1
32.561000104114164,1,23.271389,0
37.20616607270609,0,39.50411,1
52.49762390368376,1,67.504105,1
39.50839713021741,1,14.23169,0
22.616354232930952,0,20.53833,0
35.57055920183847,1,33.98734,1
38.18915799088054,1,16.268652,0
51.88952046876834,1,20.272074,0
35.63225386061878,1,32.307667,0
38.21325100536428,1,46.129707,1
35.36861984577185,1,33.076317,1
31.56439969136285,1,23.72245,1
30.27561674442363,1,36.75599,0
35.287813887852494,1,63.422657,1
36.5613674582754,1,32.26386,0
27.24455215385825,1,22.537645,0
29.726437361245104,1,25.706707,1
41.83361244726811,1,35.293293,0
33.99564706179326,1,16.04757,1
36.332222635912416,1,31.215948,1
40.89333448111865,1,34.530117,1
38.33202093742922,1,30.053045,1
33.49481758822063,1,23.046202,1
34.6895407306077,1,43.664955,1
30.559656459389686,1,18.699863,0
39.040209350993955,0,38.10575,1
39.409167403649896,1,37.84223,0
35.7067299288789,0,43.16735,1
40.2121838122594,1,49.779263,0
34.55728137349224,1,32.04757,1
41.18641963913539,0,29.808693,1
43.12919131943208,1,59.186516,1
34.01259078342562,1,49.81896,1
36.2698199615614,1,10.706708,1
37.30654680469505,1,63.356262,1
35.6010397202684,0,47.568447,1
38.76940939916831,1,37.966805,1
37.77408930390471,1,34.957222,1
40.50993060624888,1,44.48631,0
37.67122731662455,1,29.329569,1
30.217464724131823,1,10.39733,1
43.768393666124005,0,45.482887,1
37.873479070158176,1,29.224161,0
28.2266683348711,1,23.621834,0
38.00626591807858,1,41.467144,1
33.78489656077622,0,47.422657,1
38.72999482530914,1,8.49384,1
43.43385182785521,1,43.908623,1
25.844377744535763,1,28.913416,0
35.598653208471305,1,32.992813,1
43.79354806380505,0,48.133812,1
33.374278257387665,1,6.2316904,0
53.849046383709215,1,40.463722,1
37.64950929108053,1,48.60746,1
43.88967430078235,1,59.866188,1
36.1097482676604,0,36.589664,1
23.196883470113562,1,32.954483,0
34.94349426493005,1,30.48152,0
29.725705019642128,1,37.481518,1
37.57310762531889,1,35.944218,1
28.893884028194122,1,24.092745,1
24.52893474654995,1,25.724504,0
35.87203171971719,1,27.816906,1
33.65463577925907,1,41.403492,1
63.72564594105559,0,37.207733,1
34.62706379784241,1,14.28371,1
35.70170596305712,1,41.634155,1
41.04282435098373,1,38.788845,1
38.78691389986029,1,73.50274,1
38.07480899510065,1,36.998974,0
33.060688814805246,1,32.079056,0
32.61226657695707,1,30.640314,0
34.44461855584367,1,19.804586,0
45.085183558106884,1,47.71834,1
34.77234398380789,1,37.966805,1
39.22400532794224,1,33.097534,1
37.12260487155318,0,38.371323,1
37.03767117005344,1,22.910677,0
43.34166640810508,1,71.871666,1
55.10416338230908,1,36.144764,0
43.67064398657228,1,34.20842,0
36.86153405231665,1,15.248117,0
36.06146237392888,1,39.9052,0
58.901384041012776,1,67.93532,0
34.33269192075053,1,18.872347,1
40.25891155960836,1,39.992813,1
37.05143970431628,1,37.301506,1
26.472973941159488,1,24.063997,0
32.59451881594243,1,20.02156,0
34.24931892626831,1,31.007187,0
32.5338471308348,1,43.16735,1
40.41793979475688,1,32.96475,0
35.072703905789794,0,41.163246,1
32.498621755795426,0,24.467146,1
26.455140398873162,1,32.358315,0
40.24690474220861,1,61.174194,0
35.37514050273676,1,52.50274,1
40.997164388419506,1,25.051678,1
32.23648571240912,1,30.425394,1
32.25580698361616,1,33.788845,1
36.50624082820704,1,37.82375,1
37.295027788258125,1,37.9538,1
36.682910558018726,1,33.20226,1
43.427722948041534,1,45.343258,1
39.600047377257674,1,48.413074,0
46.255534576797906,0,47.715607,1
32.40212038579423,1,23.731348,0
40.470261249209656,0,44.499317,1
38.28068532744199,1,28.135181,0
35.23811452361455,1,30.3282,0
40.544166295870255,0,35.51369,1
41.391525220349116,0,15.502053,1
31.198808873699583,1,34.951744,1
30.680984465795085,1,26.745722,0
38.17740979761331,1,31.539015,0
38.85098482789779,1,33.23306,0
32.075937740402686,1,33.953114,0
34.65525894955677,0,48.892197,1
37.507260896925935,1,39.079056,0
33.8461866392304,1,25.996235,0
35.13200309055059,1,32.745724,1
32.50180846602234,0,28.465776,1
31.391650293698532,1,31.57666,0
39.409167403649896,1,37.84223,0
39.32731158539061,1,43.953114,1
32.30761631107385,1,25.19952,1
32.80478535694912,1,23.361053,0
40.923485957954234,0,32.94764,1
60.30509212660135,1,59.779263,1
40.635673147351895,0,47.87714,1
41.11225596834227,1,28.673168,0
33.11399099245361,1,31.457563,0
37.52852569007932,1,22.864134,0
64.12375298195424,1,73.44387,1
36.62829221399299,1,39.43087,1
23.9656411433869,0,23.484257,0
44.42153354898714,1,51.967487,0
38.71512393768939,1,39.443874,1
38.185757467633174,1,46.675224,0
57.01196575106395,1,25.224846,0
33.457726790601654,1,29.502737,0
38.57520444104495,0,35.9449,1
45.02256322978297,1,42.998974,1
40.93733899317127,1,67.227585,1
39.60209204428555,1,35.176933,0
38.550551927819086,0,31.807323,1
42.921147409584066,1,46.812115,1
30.27882778068281,1,30.302876,0
30.833183487464154,1,22.692333,0
36.95243531362661,1,31.724504,1
37.8086873233751,1,36.968857,1
30.907206323333618,0,46.129707,1
33.94186348476952,1,24.767626,0
45.02525189650716,1,45.896305,1
34.2501741783501,1,31.185146,0
38.13627319673317,0,73.281654,1
35.60115494884229,1,47.33436,1
39.291726441137186,1,41.638947,1
35.813188327982026,1,41.662903,1
32.91047172460715,1,39.996235,0
40.791336708142715,0,46.60267,1
41.15340921334975,1,27.338467,1
40.85628209302431,1,26.312458,0
41.705081374676844,1,54.87851,0
36.95060445961918,1,51.369953,1
50.787179915024495,0,59.899727,1
36.917710542724926,1,30.934633,0
40.96645853411176,1,62.881245,0
33.52180412022659,1,31.810062,1
35.35172605652151,1,21.36516,0
37.716725959185325,0,35.95859,1
45.92948124347263,0,57.186516,1
40.95221116110851,0,33.493156,1
37.68047248920331,1,33.008556,1
46.958564591204656,1,35.555443,0
38.51734689377532,1,47.28987,1
45.127779720923016,1,29.41102,0
38.3470979561645,1,15.224161,0
31.339158557019893,0,31.769678,1
37.04032910915792,1,64.87646,1
35.77555979701821,1,39.78679,0
29.83828845760646,1,33.634155,1
37.49257437502441,1,31.598562,0
41.69924312693289,1,63.339836,1
38.705594534628354,1,12.853868,0
32.77714586302442,1,35.17762,0
39.94758955929669,1,65.7026,1
35.28099619723044,1,38.964066,1
35.91835104578758,1,27.024982,0
40.655506545554026,1,38.553387,1
37.474553906384884,1,56.60472,1
46.76156213937064,1,35.152294,1
31.62111135448098,0,50.184464,1
34.12308858420247,1,36.033195,1
35.32275375209212,1,28.224161,0
35.560947858458235,1,32.489735,1
40.96670947633934,1,38.936687,1
36.97905823546606,1,32.441135,0
32.92310205662342,0,62.682068,1
36.695921144328835,1,43.275497,0
32.397800594590684,1,27.338467,1
42.02542193137196,1,50.13176,1
39.39297266774784,1,43.87851,1
37.74339497245433,1,43.671116,1
43.16817186566292,1,48.65811,0
30.61719008633493,1,20.477413,0
27.54690809080349,1,52.31862,0
32.54195666180196,1,37.931896,0
42.15658533671795,0,52.540382,1
33.50728660023344,1,32.86208,1
31.10778854286327,1,26.446611,0
37.78814590960228,1,23.368584,1
33.50187725884786,1,36.41102,1
35.373706547150526,1,34.20568,0
37.44458167399758,1,26.534908,1
40.655971300802065,0,38.27002,1
27.183735792874515,1,23.001026,0
41.685434902827936,1,38.64853,1
32.137403222352695,1,27.412388,0
31.184269588309142,1,24.271389,0
35.3331422481874,1,36.537647,1
37.622699442887864,0,34.31451,1
33.629687512693536,1,25.05373,0
42.857674389813326,1,34.369267,0
25.977347677856905,1,27.758726,0
34.1705806810916,1,17.866188,0
40.045433982342495,0,34.73135,1
34.48753479803172,0,9.7327175,1
38.01503993382187,1,72.3371,0
43.13657106943125,1,34.35079,0
39.409167403649896,1,37.84223,0
30.961614695291367,1,25.608145,0
31.47391069228393,1,29.362423,1
40.04860404844206,1,32.016087,0
36.66488880906171,0,30.076317,1
33.106901874524155,1,53.619095,0
28.432708547850858,1,15.669746,0
37.041166436794896,1,27.996235,0
37.04782408773098,1,35.367897,1
34.54964299936056,1,11.020876,1
37.055552084086806,1,32.893566,1
34.96330077646493,1,27.892881,1
39.01922750800535,1,42.31451,1
23.121408754213025,0,10.309035,0
37.03140017499864,1,23.927105,1
45.291817838400945,1,46.517796,1
39.571370826167936,1,12.366529,1
44.189776878949225,0,46.42813,1
35.54729711340426,1,29.211157,1
36.99271922305993,1,37.853867,0
38.121787684677216,1,38.176933,0
34.82480883381929,1,30.032513,1
30.013351388971067,0,13.870978,1
35.3625101707205,1,36.327515,0
38.50903251201012,1,44.01198,0
35.14281665205179,0,26.563656,1
39.409167403649896,1,37.84223,0
25.51114439073941,0,26.032513,0
41.80855663403361,0,41.152977,1
34.170190184257855,0,31.955168,1
30.47510173186631,1,25.489048,0
36.48516680235932,1,76.88125,0
32.189111404728855,1,22.489733,0
36.694469264297766,1,34.45756,0
39.409167403649896,1,37.84223,0
43.20657882965926,1,49.818275,1
28.76444264986911,0,50.654003,1
40.58983137970443,1,49.46167,1
34.568911777550596,0,40.954483,1
37.48310642720279,1,67.744354,0
36.75195551949598,1,40.32204,1
43.37969823907752,0,31.15161,1
33.63066951620661,0,28.942848,1
45.6090382613785,1,69.11465,1
28.77388371102348,1,35.93258,1
37.518353567639465,1,23.248117,0
31.66030315309729,1,24.415812,0
35.97943755376123,1,58.380905,1
36.67325952479636,1,33.819645,0
27.50980833096211,1,24.48015,0
35.231632276174274,1,61.991444,1
33.54817609983845,1,20.854551,0
38.159229289287815,1,24.86961,1
46.545278106171715,1,60.139973,1
25.950457169662528,1,21.040726,0
29.517904370116767,0,7.3781657,1
27.042808686367252,1,14.617727,0
39.718707202018685,1,53.37748,0
35.48847932801885,1,36.038673,1
39.12112285558228,1,68.93532,0
40.55050130679944,1,29.940794,0
30.62623552938561,1,21.231691,0
70.7663384221708,1,24.247433,0
35.89001377883209,1,52.80664,0
35.62741938178519,0,39.909992,1
33.169768023805716,0,19.996235,1
36.89215668598771,1,34.037987,1
26.407648301984032,1,25.21937,0
32.89372389155041,1,33.732033,0
39.30995816216219,0,76.224846,1
46.05600989951311,1,63.011295,0
35.87388818007438,1,28.714237,1
34.28770284454988,1,73.3679,0
31.91680451922018,1,14.502053,1
30.45983138519039,1,32.614304,1
31.07230838464384,1,25.172827,1
40.3367715069885,0,33.61773,1
30.948241779132225,1,30.92779,1
39.64645888618718,0,66.50616,1
33.039073214660235,1,29.742985,0
38.57172837906581,0,27.338467,1
36.858388312249346,1,32.187202,0
34.38605939459077,1,29.291924,1
34.17310674749486,0,54.44798,1
37.61871765550109,1,42.56297,1
25.549260722666034,0,36.272076,1
42.5447110224824,1,57.569817,1
35.98669695391655,1,24.497946,0
39.02984005966099,1,30.096851,0
32.98505533953624,1,28.174881,1
36.59891020796753,1,41.235798,1
35.76537871235594,0,14.755304,1
36.01938730033026,1,26.949007,0
35.85213814659315,1,29.20842,0
33.53361889000318,1,42.75941,0
40.25843784213791,0,51.543804,1
35.35497550230532,1,39.624573,1
47.31929404336707,1,37.819645,1
58.474212512825616,0,78.089325,1
37.434497893464375,1,39.53559,0
35.97431244285792,1,33.61499,0
32.00990920692649,0,28.159822,1
40.10318654357814,0,53.50342,1
46.600458509574544,1,42.448666,1
64.4861775744704,1,69.62868,1
29.237724812376158,0,31.553389,1
36.085697503653755,1,22.955168,1
21.862199860922438,0,23.609514,1
35.14281665205179,1,26.563656,1
27.991243555230902,1,25.317932,1
37.961893954907,1,17.517796,0
39.31789997153845,1,31.768993,0
35.66474831845687,1,23.174196,0
28.245814202582324,1,23.51232,1
36.74685217398996,1,35.41102,0
40.09186213539934,1,19.145449,0
33.57621249218433,0,43.456196,1
39.26352872878785,1,39.97091,1
41.741231138942354,0,49.730663,1
37.61131485978715,1,30.001026,0
34.21400008805233,1,34.890144,0
39.7893807273403,1,44.792267,1
34.563649672676114,1,51.55202,1
41.71022184939001,1,55.959274,1
32.91424482024344,1,40.463722,1
34.361692392164656,1,42.369953,0
30.819156329068797,1,34.20568,0
27.193685140071516,1,35.431553,1
45.51994608867868,1,51.01882,1
39.022255458863796,0,35.703285,1
45.200527360574725,0,43.767624,1
36.1050815104177,1,45.998974,1
35.402070700773265,1,43.298084,0
39.24315503660592,0,30.693018,1
24.215093081422456,0,51.83265,1
25.790407241158817,0,16.478098,0
34.9239246121304,1,30.593771,1
47.796008737058685,1,60.669746,1
40.72689704866876,0,40.228954,1
26.230736592167176,1,38.21184,1
54.93019384207898,1,63.50479,1
35.63053567455027,0,45.363106,1
41.55753246612314,0,27.388433,1
37.57114105765776,0,42.065365,1
40.05442565205868,1,37.72724,0
48.694434404852366,1,63.76831,1
33.68462209513873,1,46.87235,1
32.86265698771112,1,25.141342,0
33.30740215373459,1,33.279602,0
43.5965712183208,1,32.39254,1
49.307638624638834,0,63.971596,1
37.96247649936391,1,34.961327,0
32.067222619263845,1,72.14682,0
35.82377655360539,1,41.84497,1
52.79599293197228,1,57.792267,1
42.05207942178358,1,60.777206,1
49.24852636623124,1,51.37748,0
42.420695629670305,0,44.998974,1
39.37188839936023,1,41.38775,1
57.31742261696443,1,60.27481,1
36.51066688576206,1,59.712868,1
50.606895848945,1,45.8744,0
28.262768166754583,1,34.456196,1
37.82282586939189,1,51.313828,0
36.48690035223769,0,41.553387,1
22.88663053490412,0,28.0859,0
48.813525696606725,1,5.4459276,0
54.5126400588595,1,30.158453,0
35.79396436090405,0,47.262493,1
40.953833323365444,1,39.00787,0
37.33248987794853,1,27.522587,1
43.14039409744955,1,44.073578,1
43.65887146727279,0,77.871666,1
35.02800290102387,0,22.597878,1
33.84396656870671,1,22.135181,0
46.07963175716136,0,38.587612,1
39.92980979034485,1,58.744354,0
32.67841417995963,1,26.953798,1
41.409297307396024,1,39.50411,1
30.59906335134393,1,28.60746,1
62.32484545648161,1,86.46167,1
32.95514584270583,1,45.113964,0
29.22770248708236,1,13.280972,0
33.2352780286994,1,13.578713,0
28.142443929259557,1,21.231691,0
49.79372524234048,1,35.148186,0
28.856624228666774,1,17.452772,0
35.45467382507334,1,43.3501,1
35.00146319982112,1,31.083847,1
33.8172245773409,1,29.829227,0
34.202158431608495,1,51.732716,0
38.48792903886019,1,56.1256,1
35.76191545355169,0,52.50137,1
38.18432351204694,1,21.312458,0
43.45759275502982,1,44.49589,1
40.006125674834806,1,36.60472,1
37.33862515934965,1,29.200205,0
32.93506918418105,1,31.703285,0
51.221181937008595,1,69.53011,0
39.88078259278795,1,51.46646,0
38.99430868874205,1,47.87714,1
34.8426641415029,0,19.928474,1
39.7002655089257,1,41.887405,0
37.291631105963226,1,20.339836,0
32.10428012862813,1,29.574606,0
35.701090130345534,1,49.192677,1
24.373542613066533,1,24.103012,1
33.78703597129818,1,35.555443,0
32.64579681164272,1,22.335045,0
27.23974840264436,1,30.00308,1
39.09104691747847,1,40.739563,0
30.540917732639556,0,27.174196,1
21.62571753903739,0,33.0243,0
31.240164408870122,1,28.961329,0
38.7782243850712,1,28.695072,0
37.10026589202761,1,34.424026,1
38.183798581876985,1,29.798426,1
33.286753193292796,1,65.59172,0
39.409167403649896,1,37.84223,0
34.173050413525395,1,79.974335,1
51.153701523501326,1,58.296032,1
37.82757968822376,1,36.124916,0
37.77926690782501,1,39.669746,1
36.89090837643719,1,50.695072,1
34.08348196272015,1,25.395277,0
35.596767300811905,0,34.709446,1
35.87116110382556,1,29.83881,0
23.828885311254595,0,19.272758,1
39.409167403649896,1,37.84223,0
30.44838662716775,1,21.231691,0
37.62665050265494,1,40.16735,1
36.42993262562201,1,18.688911,0
34.83372624512119,1,56.518482,0
44.39158948358456,1,42.700546,0
36.0332492977697,1,28.503422,1
36.711506449106736,1,18.492472,0
26.41693188408742,0,13.759412,1
33.59820578598823,0,40.34394,1
36.29745561453363,1,23.412388,0
42.67448912430668,0,46.746407,1
32.27195306745367,1,46.539013,1
36.16462779645362,1,38.97707,0
32.423794880543674,1,32.023613,0
26.633123734427237,1,32.040726,0
38.95017102367072,0,45.17283,1
52.4993280062599,1,56.98118,1
38.90848644690584,0,34.983913,1
34.6315449090494,1,36.97844,0
35.8200457084462,1,23.627995,0
48.69030154000204,1,70.11465,1
38.26376721215938,1,41.41855,0
31.972182091516117,1,7.480835,0
36.15546072324162,1,43.853867,1
38.93413248650217,1,55.32067,1
38.24387107840036,1,36.940792,0
42.22078813745668,1,49.073578,1
44.669963793667506,0,38.608147,1
38.28556461738765,1,43.586243,1
25.79477568442688,1,29.803902,0
34.429451914884254,1,43.884666,0
37.8400871097612,1,25.16735,0
31.814831072276505,1,24.325462,1
28.267743480511832,1,43.210472,0
43.42230720506852,0,68.44114,1
31.258874968635517,1,33.598564,0
37.39608068692813,0,21.658794,1
39.48067953692597,1,36.851128,0
34.831338453006616,0,29.299452,1
35.10653885603752,1,32.546543,1
36.81948330475029,0,24.063997,1
38.412949805827395,1,37.413757,0
36.18669918962426,1,35.66085,0
33.51090861840617,0,28.508898,1
35.528361217761024,1,43.06742,0
25.01367959152448,1,18.137918,0
34.1327844285369,0,39.905888,1
43.720393283192244,0,39.61978,1
30.891965423959917,1,35.37269,1
41.068690605187946,1,31.395277,0
30.26108898189058,1,19.215263,0
53.90454814680147,0,41.83128,1
46.47767862313809,0,52.779945,1
45.49609249356514,1,51.87851,1
43.369842355057116,0,33.274128,1
34.1375971419732,1,26.835386,1
31.807825174983748,1,36.129707,1
36.0446466840453,1,44.272076,0
43.45877064711852,0,53.002396,1
30.17310044286517,0,25.974333,1
40.660376873277265,1,38.463722,1
33.49789291082611,1,29.561602,1
23.731809078701414,1,27.736824,0
35.057813813407726,1,29.598562,0
35.906697596014446,0,22.627995,1
29.28066025932653,1,57.509583,1
40.80335376808237,1,42.007187,1
36.38321768144792,1,36.50753,1
50.50465865659886,1,58.8436,0
39.10193345707648,1,27.742985,1
39.36713586084585,0,47.87714,1
38.253451694160894,1,39.670433,1
35.072563070866146,1,26.62731,0
39.36348311505341,1,39.390488,0
34.64685366524995,1,30.41718,1
32.86036649972561,1,28.184464,0
31.333190997209677,1,28.758043,0
35.557196528219244,1,25.096167,0
26.449044807314174,1,37.72382,0
38.14761937030926,1,44.27276,1
35.27357675738915,1,23.376797,0
34.51403737002733,1,28.433607,0
30.260105698060016,1,29.87098,0
38.579406443039616,1,30.02156,0
32.90636830705904,0,22.438398,1
43.084371245139806,1,55.28987,1
32.60815035623408,0,33.91547,1
35.85559628412746,1,38.03525,0
33.30315406031037,1,60.038673,0
45.20144918916587,1,62.19336,0
26.731263910812707,1,21.289185,1
45.592327557528904,1,25.42471,0
39.47020397924152,1,32.04757,1
35.72112453839323,1,53.02156,1
32.81440054128182,1,39.528065,1
30.854420113632806,1,41.626625,0
37.36183859571932,0,55.23169,1
29.088361693942367,1,33.207733,1
39.351633776704645,1,27.635523,1
27.337052531710356,0,25.040041,1
34.78189259163124,1,21.767626,1
27.950144083557902,1,13.354894,0
35.893054532865406,1,20.356262,1
38.20487516835967,1,45.05989,1
23.57595218996995,0,38.301506,1
37.126238412583305,1,30.483572,0
41.12693736897384,1,22.20568,0
37.06003831656374,1,45.135864,0
32.114700632660615,1,27.884668,0
33.83002263094806,1,22.801163,0
36.56781385682602,1,40.896305,1
31.9194688599121,1,17.031143,1
49.83096199615306,1,68.588295,1
30.40527065545161,1,30.588295,1
49.66448231322605,1,68.994865,1
35.902106377503515,0,47.603355,1
40.60860083407426,1,46.643738,1
37.83811286019515,1,61.129707,1
29.747497303600447,1,33.27618,0
33.70175914471174,1,74.419914,0
40.85089195640105,1,25.141342,1
34.287235528666855,1,27.51848,0
43.344161746888624,1,52.624573,1
39.409167403649896,1,37.84223,0
37.09942088248572,1,21.00171,0
37.12243330900983,1,43.354893,0
35.95456610624496,1,44.9052,0
38.22188162554893,1,41.04757,1
38.82525044639481,0,35.82649,1
30.286592906245772,1,23.539015,0
39.47544431871872,1,43.35763,0
29.797634536419196,1,21.75941,0
33.004699250750186,1,30.974333,0
28.272778969190995,1,30.68412,0
36.346112800336584,0,40.819645,1
42.4302493587636,0,34.23922,1
36.8736240903531,1,26.361053,0
46.69773063070335,1,65.08111,0
38.70182399962705,1,42.761463,0
31.629242650845427,1,23.72245,1
38.21247001169677,0,47.0462,1
29.534287312689514,1,27.534224,0
38.40967219305887,0,40.367897,1
41.80961673691343,1,38.316563,0
33.08882891286764,1,28.173512,0
49.70196488799627,1,71.21869,1
29.431476538108875,1,25.072895,1
34.13841782548283,1,36.390488,0
34.726160371391195,1,58.87851,0
34.07866156737892,1,29.853182,0
36.02145757370789,0,48.830597,1
30.18279116592965,1,29.081108,1
27.808359164333872,1,20.985285,0
39.807968376626874,1,28.818275,1
46.986519043231326,1,57.87235,1
38.73247864123531,1,40.74983,1
28.707112593404403,0,25.97707,1
38.643768003146825,1,39.04757,1
30.407274352319874,1,26.890144,0
37.99550228895941,1,29.046886,1
59.28837280484815,0,32.3501,1
39.27937905928571,0,41.862766,1
39.9706007055033,1,48.84018,1
36.42580104108917,1,25.01677,0
34.541593643315316,1,40.568447,1
38.55547474855933,0,66.60267,1
55.77888685738004,1,46.13518,0
36.15212037491618,1,22.731348,0
38.410878252132285,1,30.046886,0
37.00454295505894,1,31.896988,1
59.23529084180767,1,52.411705,1
38.119795510666336,1,41.061943,0
46.36587873947623,1,69.77858,0
36.47451456086158,1,41.957222,0
34.296132454888955,1,22.50616,1
31.42555950236055,1,19.880562,1
35.12699320822118,1,63.554756,1
45.42102363830822,1,28.227583,1
36.831258384684766,1,64.28029,0
37.39876679301735,1,36.738876,1
36.7439317698005,1,51.80322,1
37.48609340790162,0,48.745724,1
37.097205933231976,1,40.67659,1
32.65279502703054,1,25.782682,0
39.31667470770272,1,16.918892,1
36.99183964494587,1,73.80527,1
37.81094452310594,1,35.508213,0
35.14281665205179,1,26.563656,1
33.79473836130424,1,19.854551,0
39.69870864286064,1,15.874401,0
31.816298316117418,1,27.26386,0
67.76084817342245,1,65.87782,1
36.38277341127968,1,45.925735,1
39.54464035765952,0,35.315193,1
37.080504191604795,1,27.158453,0
40.22757834973162,0,71.982544,1
45.56818333034566,1,47.968857,1
44.61173495432642,1,38.252224,1
47.204429079639645,1,45.770363,1
38.7086327280267,1,62.37748,0
30.45387534823756,1,24.18104,1
38.862366850363536,0,41.641685,1
29.165098802885787,1,22.311089,0
30.52328776083379,1,21.36516,0
33.97445396641919,1,21.395277,1
35.92574103832665,1,21.587612,0
39.25527708257955,1,58.586926,1
35.84018254189291,0,27.701233,1
33.437396629214305,0,38.267967,1
34.812786652609695,1,39.578712,1
36.1140923848962,1,38.777893,0
44.22248514980776,1,38.752567,1
32.54766687779715,1,16.280972,0
42.45786324633854,0,51.87851,1
37.078492812831605,1,31.274813,1
37.64568370242724,1,45.75462,0
34.16405106190428,0,23.810062,1
38.81977836945233,1,39.398014,1
36.8093969635821,1,38.05647,1
25.745251723684753,1,45.497948,0
35.75567646643407,1,32.788845,0
36.42402780136869,1,37.042095,1
24.74987145349922,0,51.595825,1
36.509053685727544,0,40.909992,1
24.77990770176091,0,29.127653,1
44.48953889266436,1,30.534908,1
35.885718313660824,0,51.270706,1
36.76128519302892,1,41.595825,1
39.98841248239233,0,39.54723,1
38.22611563548079,1,25.103012,0
32.93206811998986,1,43.929157,0
46.12757196517119,1,57.20089,0
49.259671529961764,1,49.439766,1
39.040209350993955,1,38.10575,1
46.09970713536866,1,50.855236,1
38.07701626244946,1,24.688911,0
41.188061006154626,0,49.966805,1
38.399570488080826,1,34.5308,1
34.25417901145166,1,31.674538,0
39.135525147001545,1,31.606775,1
39.17784988251027,1,41.862766,1
33.04996871648065,1,31.114647,0
40.70224197480791,1,38.658794,1
32.80521554362499,1,28.415812,0
35.32249000668964,1,53.301506,1
41.316082512385776,0,36.84497,1
26.269573742839384,1,26.573238,0
34.11990955588049,0,58.428818,1
38.715210999278554,1,39.31177,1
41.9533784663385,0,45.043465,1
41.40644091908094,0,61.734085,1
32.94942154321828,0,31.585558,1
43.31766685679794,0,63.06126,1
35.21658982601116,1,36.812798,1
42.173101432309416,1,15.300137,1
35.250812712457666,1,32.842915,1
34.962962772648176,1,42.27276,0
26.095495375622832,1,26.231691,0
24.434744349614064,0,19.57529,1
32.59213102382785,1,24.464409,1
38.19481443354124,0,38.99692,1
34.20314555639152,1,55.198837,0
28.557198938450902,1,29.266598,0
36.40007306117362,1,29.953114,0
34.546851907237354,0,53.333675,1
41.1060438678919,1,43.272076,0
34.97517828179843,1,24.228268,0
37.5807114308784,1,37.296715,1
27.210183311218152,1,38.580082,1
38.5643857582738,1,31.370636,1
36.929932453462605,1,37.211155,1
40.7773044284774,1,25.86824,0
46.35858733138372,1,37.27481,0
31.848503422203287,0,27.949692,1
32.100282977431505,0,24.271389,1
29.262347878299806,1,20.68412,0
34.122767224513055,1,41.658794,1
32.36698207234401,1,35.183777,1
42.51871289557696,0,37.813484,1
35.94618002670046,1,52.79774,0
24.154147408372467,0,75.66427,1
29.79874969295099,0,42.217316,1
46.671164042833354,1,46.13518,1
31.8877989265361,1,30.21937,0
29.958142818583504,1,32.68686,1
36.00063961135771,1,32.124916,1
46.717985253358925,1,45.23511,1
47.35740781465873,1,38.43361,0
36.90202153223052,1,37.630047,1
36.87113131220453,1,37.506844,1
34.12166743179112,1,32.12765,1
24.23608900790342,0,42.97844,0
39.87598780379648,1,44.332993,0
37.53289797429986,1,44.217316,1
37.407640673524675,1,25.81759,0
33.335752223864965,1,23.942163,0
35.47337926356879,1,51.32067,1
48.47232364676687,0,57.34942,1
39.01349808724785,1,25.497946,0
36.76646663790169,1,28.129705,0
34.124901513765074,1,20.477413,0
33.77164143382595,1,33.13039,1
35.341488637889775,1,30.77447,0
47.37692625475888,1,55.67796,1
37.92968500786867,0,39.61978,1
43.17421240356994,1,57.896305,1
42.568804036966135,1,41.565025,0
34.25463224384231,1,46.597195,1
37.4187960797951,0,34.60267,1
28.549328826853944,0,41.137234,1
37.47946520426774,1,33.851814,1
63.30920987500288,1,75.08385,0
37.02604588726503,1,48.01266,1
38.604715759136674,1,34.71355,1
35.097033779008754,1,30.90794,0
37.77929507480973,1,32.925053,0
40.47283980862991,0,8.7272415,1
32.59611665216709,1,35.079056,0
35.78585739057186,0,43.545174,1
34.34967533222501,1,48.9052,1
35.17907652362125,0,49.23511,1
40.27912777273931,1,26.508898,0
34.40358053941008,1,43.218002,1
50.67990211272924,0,63.824436,1
33.453006260024466,1,18.573921,1
57.837056113479065,1,61.779945,1
33.65975320825744,1,35.75462,1
27.49423838999406,1,26.007187,0
39.50640879715899,0,38.17625,1
36.32304916111297,1,59.654003,0
39.42464388144134,1,30.387064,0
38.86204933162657,1,36.00787,1
30.905369067738754,1,45.0154,1
38.259426935876036,0,30.882614,1
35.12132780333806,1,34.106434,1
38.810357793377754,1,24.01677,1
37.404012253764506,1,40.821014,1
44.35693897109717,1,45.961327,1
40.035338678951895,1,35.95859,1
34.83074950696227,1,42.64579,1
32.301819033489494,1,24.5397,1
38.006397790779815,0,51.593773,1
30.589452007963686,1,30.397331,1
43.84563906111004,1,24.510952,0
38.162378870307585,1,31.275496,0
37.81502873589174,1,11.862765,1
37.11200128211996,1,37.006504,1
49.27129681275017,1,39.47057,0
30.312551343309103,1,34.819645,0
39.25267163649207,0,40.745037,1
32.694556422844684,0,42.71629,1
38.333928610485906,1,59.19952,1
34.34512892482615,0,33.097534,1
34.232371363683484,0,35.654003,1
43.26391272707642,1,56.52943,1
34.40371241211132,1,36.540382,1
36.4941085396935,1,27.931896,0
55.376554768771946,1,59.478783,1
50.075602501069795,1,74.204994,1
34.796052903045315,0,17.976385,1
34.93056689925665,1,37.94901,0
35.32737441790526,1,28.0154,1
33.34860020985414,1,71.565025,1
19.606107604715742,0,14.868241,0
43.312260076047345,1,72.85387,1
40.961601009563374,1,31.749828,0
38.81107733180585,1,19.595825,0
34.62733266451483,0,45.210472,1
41.80260315771576,1,58.28987,1
32.785912196862775,1,24.276865,0
46.80733861082624,1,62.556126,1
38.91267052445567,1,54.304245,0
30.77518894622333,1,28.19952,1
46.02535397758737,1,57.404175,0
27.121047607723746,1,55.150238,0
40.32828300204498,1,7.480835,0
44.765539494125086,1,48.87303,0
24.210240678144036,0,56.656742,1
43.634353387383136,1,46.609512,1
32.033383828063656,1,42.59514,0
26.862560469177417,1,30.706024,0
37.01148355615982,1,44.046886,0
39.666239791372305,0,50.374058,1
32.48500301867865,1,27.979809,1
45.641955223987544,1,32.189938,0
35.76033298113688,1,49.39528,1
41.2126815114433,1,47.543804,1
36.34229873454069,1,37.966805,1
32.574836495203854,1,55.98323,1
36.57917667452944,1,46.073578,1
34.8309133876007,0,36.49384,1
31.091111127268356,1,27.29466,0
34.789482313698386,0,24.949692,1
35.30338382882054,1,35.17283,0
45.37558901162184,1,43.71834,1
45.3292440792017,1,56.05852,1
38.23073118002399,1,39.00787,0
35.5457300047993,1,32.819645,0
32.83057863305653,1,42.792267,0
41.12687719405193,1,51.338467,1
38.77765336347168,1,51.484943,1
29.637598691407845,1,18.05373,0
47.94604018122106,1,48.24812,1
44.3092010532504,0,40.406227,1
30.182746354817574,1,18.393908,1
38.2965817493694,0,35.079056,1
40.9564413300879,1,47.422657,1
49.66932959523452,1,39.39117,0
36.36592315282393,1,24.184464,1
39.75082524651538,1,31.0859,0
28.495861488249666,1,19.64716,0
33.47404827793499,1,39.14271,1
41.48109751210683,1,59.56434,1
35.32573305088601,1,34.09685,1
37.77383580104213,1,43.52601,0
44.45290900934097,1,54.60883,1
34.38865331782087,1,29.838125,0
41.971101901320864,1,36.31451,1
37.37261758864836,0,40.917522,1
37.61076688390241,1,30.566393,1
34.91801082565466,1,19.422655,1
37.89461711188028,1,36.04757,1
38.80198067605567,1,10.922314,1
40.78867492808576,1,54.513004,1
25.156433711086706,0,24.777208,0
36.62702726031513,0,46.93395,1
38.255966237706765,0,30.798426,1
29.573893934171835,1,21.250172,1
51.58928601790023,1,37.489735,1
29.3161468191334,1,25.361053,0
43.63515230549546,1,31.094797,1
23.7457914259847,0,29.20842,0
38.195444349745195,1,27.163244,0
41.57667833383437,0,45.30698,1
34.90588749936353,1,34.25017,1
42.76480912147722,1,45.701916,1
43.57796052331944,1,55.755306,1
34.46302952131694,0,31.896988,1
23.22809761046394,0,23.983915,0
36.2457755991422,1,40.812798,1
44.100340300845204,1,35.03525,0
36.62857132320532,1,36.31862,0
38.666884135387434,0,34.9449,1
46.052318744196036,0,62.673855,1
31.86208374979543,1,21.231691,0
44.55436008674966,1,47.594456,0
36.026220354762174,1,62.359,1
33.30491449685597,1,55.17146,0
39.14327234811967,1,67.744354,0
36.249738181766666,1,47.004448,1
17.510588926865232,0,23.189255,1
34.681125203760985,1,20.53833,0
44.625290955886314,0,45.577343,1
42.26537391364871,1,58.78816,0
42.24535999068082,1,42.073578,1
34.62622903084042,1,36.124916,0
40.359452331283286,1,35.867558,0
36.563083083708925,1,29.190622,1
42.300334262968136,1,39.28371,1
31.96391380118049,1,20.426762,1
28.02483396483847,1,24.942848,1
33.67471627873631,1,26.914783,0
31.55438376765649,0,28.7026,1
37.01567915656704,1,37.506844,1
40.37761619548144,1,49.330254,0
39.66689787456099,1,37.484257,0
33.82712143152091,1,26.173512,1
47.97576531233324,1,35.32204,0
34.989163189716685,1,23.138603,1
41.076823181869884,1,50.768993,1
38.13645244118145,1,43.58145,0
32.82668134662394,1,52.396645,1
37.29440939491157,1,61.02772,1
34.44308217485841,1,21.304928,1
36.81970223904068,1,34.176933,0
34.42934948948523,1,38.555443,0
44.90378177486062,1,34.147503,0
32.7698864628691,1,33.296032,1
35.17577458482044,1,53.94764,1
30.8558796755688,1,27.60883,0
36.13296426466505,1,60.107803,1
21.952783603495444,0,24.680014,0
37.44406570605004,1,49.04894,0
31.734666553418485,1,30.64853,1
36.438049838494095,1,33.695755,1
45.107729949065465,0,19.880562,1
25.368883193409946,1,19.799795,0
36.83210339422665,1,40.8436,1
43.69725282491937,1,24.62594,0
42.33707169296049,1,79.27002,1
36.222444373563654,1,39.9141,1
35.53490620075821,1,41.34805,1
37.96693072390365,1,35.358315,0
35.43314272588251,0,28.849075,1
39.227941023899454,1,29.77447,1
34.081684396967404,1,34.578712,0
56.41666677134311,1,75.34189,1
76.09405572695356,1,70.332306,1
38.11693272076381,1,20.350103,1
27.21518679196012,0,21.90931,1
31.352746566516963,1,24.513689,0
36.40914667120904,1,35.41718,0
35.247812928583954,0,36.78063,1
34.6480264360687,1,38.23922,1
35.80551026400823,0,40.272076,1
34.67510771156875,0,36.68549,1
35.603126637773364,0,37.217316,1
34.520767999060226,0,39.076317,1
30.401350323304243,1,31.394592,0
37.773913900408886,1,13.866187,0
42.345662623303035,0,51.24812,1
37.385584644163885,1,41.54175,1
33.151357058332444,1,35.788845,1
26.09684354993739,1,20.079056,0
49.39880363135126,0,71.40828,1
33.44658290718863,1,21.231691,0
34.211828669593174,1,29.74093,0
33.89289518181706,0,36.405544,1
39.040209350993955,0,38.10575,1
41.883109521342995,1,28.690966,0
38.35659023001839,1,44.23169,1
32.45499237676671,1,29.048939,0
33.67379573046265,1,44.65811,0
37.53143201077643,1,79.567764,0
37.69962731913695,1,40.387062,0
52.6997489057861,1,65.00376,0
26.97245396010007,1,21.050308,0
36.69111483247997,1,51.530117,1
31.496121640060736,1,38.20431,1
36.67965343032999,1,23.746407,0
39.09493908264112,1,62.19336,0
29.33493163731309,1,15.144764,0
33.440984078814864,0,21.912731,1
28.9529565967596,1,31.468515,1
38.57900698398345,1,35.3898,1
34.32149298368552,1,39.01814,1
39.47251495230684,0,39.909992,1
68.99333299979206,0,80.97022,1
32.87768535438187,0,37.630733,1
31.883741600417544,1,31.126284,1
38.32219450071104,1,41.170773,1
30.611285262081616,0,37.892197,1
44.9660730615902,1,52.732716,0
38.41371799632003,1,50.237167,1
32.47041636154116,1,19.227583,1
45.53636103918862,1,31.989391,0
30.62078009657047,1,13.864134,0
42.29200451739309,1,58.50411,0
38.57740658712381,1,31.985285,1
49.58634965822104,1,56.266598,0
32.578313837500474,1,29.637577,0
41.254029364708906,1,43.343258,1
36.513063640099055,1,32.68686,1
30.447377736987434,1,36.070156,1
38.2900393270072,0,34.484943,1
27.805306887443173,1,41.652634,0
40.459291488974955,1,45.17625,1
32.58286024489934,1,21.964066,0
29.98293104546307,1,39.467144,1
39.931031213228124,1,35.028404,0
35.75205956953128,1,37.066734,1
42.178773238779975,1,41.485626,1
34.68158867869153,1,17.606092,0
37.1934345956083,1,38.67659,0
39.05899288885615,1,48.016087,0
49.14651707039791,1,48.028404,1
50.14638613369536,1,43.31451,1
45.87911739445857,1,71.21595,1
36.03931800266145,1,43.884666,0
36.92326199935164,1,23.568447,1
37.98016152482165,0,36.63963,1
39.43379303020852,1,34.75941,0
49.1005536725891,0,43.944218,1
32.03943076755811,1,20.477413,0
35.391380049750886,1,29.035934,0
39.058306638682744,0,28.227583,1
32.59587723279689,1,35.079056,0
39.037903499198585,0,39.767624,1
33.165743985941845,0,25.556126,1
31.88407320264686,1,39.627995,1
37.1579826043736,1,24.835386,1
36.40944882613613,1,38.558865,1
30.92444195735318,1,24.81143,0
28.32650237129281,1,27.037304,0
27.583837568419014,1,30.211157,0
33.12164088944268,0,38.15982,1
41.74530382887076,1,61.037304,0
28.88201420476556,1,56.615673,1
28.853898432735434,1,22.683435,0
29.502521355501933,1,30.853182,1
34.80472577370707,1,22.387749,0
35.66666879468844,1,27.756674,1
51.955405606685915,0,64.68138,1
38.79241030283503,1,37.18104,0
62.56684850737368,1,0.9462697,1
42.14042132843561,1,18.792265,0
35.398446121965556,1,34.640316,1
39.75190967542748,1,19.060575,0
32.91812674286617,1,26.178988,0
38.766675921332045,1,37.39528,0
25.52711763171608,1,26.97844,0
37.11291542880618,1,47.10438,1
42.58009515689026,1,56.384327,1
34.68564344417512,1,36.247433,1
50.87741157028838,1,70.1167,1
36.00438838096173,1,63.78063,1
36.957725585485825,1,34.849075,1
42.686623973455205,1,45.896305,1
35.680724120068525,1,49.966805,0
36.08903785197919,1,34.31314,0
25.73744562796218,0,29.701916,1
44.8890325174022,1,52.923683,1
31.767075229984904,1,32.862766,1
36.07345766847124,1,32.215263,1
50.118918202314006,1,54.254963,1
26.366626929677793,1,27.756674,1
42.81899343787462,1,54.450718,0
24.752877638960364,0,41.61978,1
34.862972537492965,1,31.669062,1
35.02110711103506,1,25.732033,1
40.84455822578935,0,40.933266,1
25.47777803669218,1,19.239904,1
34.33019658196698,1,37.50342,1
43.22889860442251,1,49.086586,0
44.196348748613644,1,44.819645,0
36.761122592707984,1,45.90178,1
40.55027597092161,1,32.409653,1
34.22712334230136,1,28.139973,0
39.34797847027724,1,29.838125,0
34.25705588484655,1,13.170089,1
35.129665230818034,1,39.640316,0
37.308646525374904,1,36.124916,0
36.68109890877361,0,38.17625,1
34.435195419134125,1,28.893566,1
27.234889597778498,1,25.355577,0
39.409167403649896,1,37.84223,0
36.292820865228116,1,26.160507,1
37.85925730350469,1,40.073578,1
68.99333299979206,1,80.97022,1
42.56479408259463,1,25.387064,0
36.694341232549,1,31.158453,1
40.106430868092,1,40.72108,1
32.641781736001256,1,17.761465,0
50.71277682486118,0,76.43703,1
65.18087144171466,1,74.58761,1
59.98300009558304,1,33.925053,0
28.982014682460672,1,20.688911,0
37.12260487155318,1,39.41718,0
35.3233593422638,1,25.471252,1
43.1152819502456,1,55.23169,1
37.416158625770414,1,24.061943,1
27.335819585969688,1,17.466461,0
25.866619419932263,1,27.79295,0
42.034242038544804,1,31.956537,0
39.20353305131374,0,46.95106,1
25.767237335583715,0,39.60267,0
33.278883081695845,1,37.376797,0
39.37744625757438,1,34.27481,0
41.13914263558419,0,54.57666,1
40.70025492206699,1,25.48152,0
42.38067674595693,0,60.12628,1
36.79121389462164,1,37.16735,1
29.30333852298635,1,20.67796,1
33.363293133343106,1,20.016085,1
34.18452717948524,0,28.230322,1
37.13486007054555,1,46.28987,1
35.71517618334532,0,48.528065,1
36.29872825011642,1,18.127653,0
35.43945085014446,1,36.896988,1
41.68409697105328,1,37.537647,0
35.714511698569204,1,21.01677,0
35.13861465005713,1,29.20568,0
33.38724787353817,0,31.640314,1
38.72141925877646,0,32.17488,1
25.414210273427358,1,23.52601,0
38.590263535335396,1,46.32204,1
37.56562032865076,1,32.307667,0
33.63873807701416,1,31.070158,0
37.65807461507331,1,31.247433,1
36.763473255615416,1,34.830597,1
35.083622453324985,0,22.968857,1
34.43387669212178,1,9.714921,0
49.37580912927197,1,45.007187,1
24.72872829050717,1,12.643737,0
38.00093083510729,1,27.864134,0
46.33194392446447,1,36.739563,0
37.146555770795786,1,25.385695,1
31.74514851269037,1,16.951061,0
36.01710449424967,1,54.192677,1
37.918849680970176,0,38.068104,1
35.13460725632059,1,21.85592,1
36.00219519710528,1,29.569815,0
42.726260042239744,0,56.05236,1
25.855296292070953,1,35.674538,0
28.85552059499237,1,12.729295,1
40.01094350954106,1,38.370636,1
29.804200004496174,1,39.14271,1
30.400908613770973,1,27.62594,0
46.882534217514454,1,48.509583,0
42.46231747087828,1,43.515057,0
35.67157241066637,0,35.635525,1
29.789536528309426,1,62.27139,0
28.907469477056217,1,35.816223,1
36.50969896574135,1,32.291924,0
38.29185481720477,1,30.04757,1
38.94269396954249,1,38.75188,1
29.524409663271825,1,37.406914,0
24.62956386013153,0,18.139288,1
35.38333453465811,1,58.539013,1
51.581301958046865,0,54.75941,1
32.51020606842423,0,22.606092,1
36.154908906404415,1,23.789528,0
38.13600433006074,1,69.05031,1
44.678657149409055,1,44.086586,1
36.92836662517514,1,34.267967,0
38.8933223665814,1,26.03525,1
35.552303154781214,0,37.61636,1
33.368018785190245,1,14.745722,0
35.29327700257255,0,23.246065,1
31.35708172153035,0,32.467144,1
31.65179544339145,1,24.765572,0
35.02470480317553,1,33.98734,1
37.60281611230372,1,34.745037,0
34.7172327175494,1,38.530117,1
36.55821147566819,1,31.914783,0
35.2403704430279,1,22.880562,1
35.289679310432085,1,25.530802,1
36.52000936246988,1,44.49589,1
39.08977172126072,0,52.98186,1
32.579234385774136,1,25.317932,1
45.00192451188107,0,39.516426,1
34.01706933399763,1,39.636894,0
30.823047213913952,1,25.345995,1
40.619653814945664,1,44.618412,0
37.19341283021101,1,36.299454,0
52.275267324640616,0,53.477413,1
33.698053905902306,1,46.831963,0
33.69946865672622,0,30.671116,1
28.903250830934212,1,34.27481,1
40.71711926401511,0,47.029774,1
34.002304712729355,0,36.322723,1
37.758201844199704,1,47.260437,0
37.22920282526247,1,43.543804,1
36.81199600808216,1,37.12697,0
35.05927081470874,1,35.41581,1
36.07419001007422,1,84.174194,0
39.05236084426982,1,34.77447,1
30.182554307194415,1,24.548597,0
34.279188733256596,1,24.489048,0
36.61710351946789,1,26.272758,1
33.847354288779194,1,38.64853,1
36.41744696948186,0,34.26523,1
33.817570263062585,1,27.97844,1
38.88833552996677,1,46.293293,1
33.75971271579295,1,20.249487,0
39.72469524690871,1,8.49384,1
37.267904262280986,1,27.664955,1
32.39391739165046,1,28.513689,0
98.5203989966173,1,92.57118,1
61.90629430593921,1,72.08316,1
52.11268876909869,1,60.549282,0
44.45627368369867,0,39.48768,1
36.45129600322195,1,20.588295,0
61.41319410903988,0,57.43087,1
37.75258765201609,1,12.880561,1
32.31792414716741,1,41.060574,0
37.11235849069904,1,21.610884,1
36.40042386816526,1,38.073578,1
38.73938723439899,1,51.786106,1
36.112773657883864,1,61.43087,1
42.70418352779915,0,41.787476,1
37.13628506390936,1,43.866188,0
33.14992566338118,1,43.658794,1
37.3701952279616,0,52.775154,1
36.03145045169946,1,23.881247,0
34.24038359052158,1,34.56571,1
35.94888917850446,1,22.842916,0
35.14067596121234,1,35.497948,0
38.87193082199673,1,31.19952,0
32.44006387486001,1,29.222792,0
27.147353010826244,1,22.116701,0
54.21907094083242,1,66.87646,1
29.00125785430096,1,42.589664,1
41.73965762874995,1,55.66085,0
32.79703559519601,1,46.38227,1
41.5552765467098,1,45.8436,0
34.210179620669,1,36.851128,0
35.63955679156868,1,38.809376,1
32.59807681824078,1,26.166666,1
27.20208786374336,1,19.686174,0
30.62865020816743,1,21.20568,0
57.21550038272026,1,55.480152,1
24.916249991344685,1,33.022243,0
33.892174363071476,1,40.923683,1
41.494142666989106,1,22.061943,1
35.836573326895056,0,36.59514,1
36.48317846930092,1,39.568447,1
37.64974230886328,1,60.0859,1
32.028802852092625,0,32.129707,1
40.26051707773795,0,44.235798,1
50.1624874064208,0,50.44935,1
41.27920936873972,1,47.148872,1
40.675987784404924,0,40.64853,1
33.95532986410526,1,38.244694,1
48.04340320489149,1,45.02772,1
36.763258162277474,1,22.57666,1
34.7008228883094,1,47.8744,1
28.51187826002093,1,21.231691,0
36.622920001814556,1,28.903833,0
35.38741362617396,1,33.213894,0
37.26909623786204,1,49.90794,0
28.58303318471792,1,28.454142,1
33.92796691875791,1,19.548597,0
49.293928984980425,1,38.187202,0
29.7044658328385,1,31.312458,0
38.013349914738086,1,38.398014,1
34.011781622773384,1,47.36653,1
39.60796229996671,1,21.398016,1
34.72043735222113,1,30.711498,0
41.36605330393112,1,32.299454,0
24.53978287662332,1,25.141342,0
42.399756037158795,1,63.011295,0
41.11036109846046,1,47.779945,1
39.82700541735165,0,29.636208,1
61.702689256821074,1,59.8833,1
47.88446331164962,0,63.054417,1
40.459442566438504,0,43.97981,1
34.75573570535731,1,15.0496235,1
35.94230194503019,1,25.040041,0
39.61546880139715,1,31.804586,0
31.543941498226722,1,19.786106,0
31.664652391603042,1,23.227583,0
32.66167658944279,0,33.94285,1
47.00536531665042,1,61.494526,1
36.467571399125724,0,12.332307,1
33.54764092712858,1,24.476728,0
43.99329807696769,0,64.0462,1
36.47278485193568,1,16.910677,0
34.17596313580994,1,31.465092,0
38.501419744228194,0,20.970226,1
36.93363641195455,1,15.6060915,0
27.25406619310943,1,50.137234,1
26.937803447612673,1,25.721766,1
29.60201866842437,1,22.26386,0
38.918796843634375,0,52.065365,1
32.37235172388746,1,37.537647,0
37.235429009205205,1,34.129707,1
33.363106206989904,0,24.86961,1
40.38611878391732,0,33.736824,1
32.36765167839008,0,36.4206,1
34.395971612580624,1,41.86961,0
38.857072737551846,1,23.178988,0
36.54516119951595,1,32.393223,1
41.20489205984807,1,62.38227,1
38.1747646616837,1,24.204996,0
46.97808175098731,1,55.559547,1
35.884534019984685,1,31.344627,0
28.66084319971604,1,23.248117,0
43.56995981933873,1,51.287815,1
33.895691395210214,0,32.79706,1
33.59329704874034,1,22.20568,0
38.47887335326961,1,35.50411,1
33.05904360683354,1,33.26386,0
39.736567630972246,1,35.555443,0
30.64980617433436,1,33.189938,1
38.758191257341,1,53.131073,0
34.93417355361952,0,32.3987,1
38.38931002373432,1,31.390486,0
39.137586458156754,1,39.484943,1
45.92448288400061,1,42.578712,0
39.54948763966799,1,38.068104,1
37.928144785930954,1,19.695072,1
28.66680179730384,1,20.877823,0
35.680547436255225,1,31.457563,0
32.91755059999671,0,34.5308,1
63.09666436886806,1,51.178986,1
26.331176218760575,0,18.96338,1
37.32749663974646,1,32.31451,1
31.361432240353594,1,33.45688,1
30.189777858460083,1,17.76215,0
33.64806134895967,1,46.509583,0
40.080661918016844,1,56.742985,1
32.73067802012546,1,30.604723,0
36.330836052073224,0,26.797056,1
35.30806723019059,1,20.017454,0
41.1325054697279,1,42.76489,1
29.58621442935607,1,21.595825,0
49.89786242583838,1,68.71218,1
32.633855290434845,1,42.32204,0
30.835275526239073,1,23.695757,0
40.219188429234656,1,34.038673,0
46.7374499201246,0,27.704655,1
37.967593928362284,1,39.01814,1
37.48163918336188,1,75.0859,1
39.040209350993955,1,38.10575,1
36.056954376054655,1,48.293293,0
34.00810199031371,1,38.924366,1
51.53415554687942,1,44.36516,1
33.257144571072004,1,26.727926,0
38.13035428898748,1,25.631416,1
32.60101002560512,1,18.688911,0
68.5260299199526,1,91.68138,1
34.25450549241103,1,9.398015,0
35.35747212140636,1,29.203629,1
32.76291001287857,0,31.083847,1
25.05983503695644,0,14.330254,0
32.19741426363666,1,13.935318,0
24.98665080904142,0,27.344627,0
64.89221106093545,0,63.877823,1
27.112632080877027,1,23.13039,0
45.2326479657064,0,47.5397,1
36.95415606033009,1,28.497946,0
34.72424629674707,1,51.145447,1
38.55714556288079,1,26.173512,1
26.23523690813648,1,30.053045,1
38.336105150215026,1,31.311773,0
34.25172464282772,1,34.27481,1
35.50234004514079,1,33.097534,1
34.44395279075006,1,38.179672,0
40.593489246766815,0,37.044147,1
29.834489755620424,1,28.543121,1
36.85586608679856,1,34.300823,1
31.57713244877813,1,23.79295,0
37.158462723431484,1,59.866188,1
39.61072138415272,1,36.925735,0
32.271362841091836,1,36.83128,1
30.13437083886192,1,29.344627,0
60.68891722592457,1,41.263176,1
33.16694876469778,1,32.31862,0
26.70971488717705,1,18.28987,1
35.19084136101581,1,36.5397,1
42.61204547979607,1,56.101643,1
33.95170144434508,1,20.92642,0
76.7322760701324,1,57.779263,1
39.409167403649896,1,37.84223,0
29.806266436921334,1,33.32204,0
37.21452142463089,1,74.370636,1
38.732171365038255,1,26.614305,0
37.38476524097175,1,47.87098,1
47.68863747158682,0,61.120808,1
37.296852240678106,1,37.49863,1
31.613653505115067,1,14.001027,0
68.99424842679578,0,79.089325,1
38.014086097293514,1,67.217316,0
40.131832367048176,0,46.03046,1
67.23179922210319,1,82.68891,1
35.73762398985735,0,40.58282,1
29.50018477608686,1,41.456196,1
41.272987025749444,1,68.0373,0
37.61407906524311,1,74.936005,1
53.602921990824214,1,55.98118,1
40.80198894964046,0,45.05989,1
20.72397712926802,0,27.344627,0
46.56387343736322,1,17.389801,0
41.81251281507063,0,64.75325,1
40.76460111836435,1,12.013347,0
38.156297362240956,0,56.361053,1
48.380596580677334,1,58.979122,1
31.462395516799468,1,24.765572,0
28.279862965850498,1,31.043463,1
42.04197387585309,1,43.67933,0
43.65386542589584,1,37.387062,0
46.47359569066978,1,44.927105,0
48.920553836991886,1,46.403492,1
35.938912944640215,1,30.834019,1
34.894394089276354,1,27.727926,1
49.50909914196505,0,27.751883,1
30.899199217765478,1,30.623203,0
37.91926706447117,1,35.201572,1
37.75386540886883,1,35.704655,1
40.61125493222629,1,41.297398,1
38.719176142538,1,41.71834,1
37.20442740155779,1,64.87646,1
36.333327549904304,0,37.784737,1
46.80350149931557,1,51.76831,1
35.044178432163605,1,35.510952,0
34.428865529474876,1,46.076317,1
31.326456527224316,0,36.129707,1
40.31635556432947,1,51.578712,1
38.07005517626878,0,68.26181,1
39.18937658085213,1,42.4911,0
39.902258638326806,0,31.038671,1
37.94208744337212,1,39.720398,0
30.695791337540456,0,58.152294,1
37.489029175900946,1,52.17762,0
36.25106971195388,1,23.951061,0
48.474525792845725,1,49.111225,1
37.9189930765288,1,31.695072,1
38.734806258427966,1,54.361053,1
36.11691804559158,0,26.591034,1
34.47628464826721,1,61.000343,1
31.30081432858045,0,43.881245,1
38.60975636908579,1,23.877823,0
35.16233893310441,1,32.50753,1
42.54285072117276,1,36.940792,0
37.937162061996894,0,46.310406,1
39.53204459421542,0,48.88056,1
46.43582248382986,1,49.671116,1
34.18695210080696,1,39.674538,0
32.9418561471834,0,34.489735,1
44.67777885161249,0,42.81143,1
37.22156957240073,1,27.361053,0
42.378995689095575,0,46.583504,1
28.041475531543732,1,22.871664,0
34.6461610134891,1,29.13039,1
36.51423897155277,1,23.495893,1
33.860983268435874,1,27.338467,1
34.210422880991665,1,26.539015,0
43.345078454209826,1,29.674538,0
38.44439440332557,1,41.292606,0
30.68472171254171,1,37.500683,1
28.6014441501912,1,18.965435,1
37.44450101399586,1,39.885353,0
45.0831926644135,1,44.577343,1
43.53315709315449,1,23.38638,0
29.978147779328978,0,19.20089,1
45.54545513430383,1,36.703285,1
36.706906268373395,1,32.746407,0
35.14281665205179,1,26.563656,1
41.20869588310406,1,33.669064,0
36.4040970990375,1,41.624573,1
31.647992900452948,1,25.20568,0
39.46951516843313,1,26.01677,1
33.45105889712566,1,44.506844,0
38.19494630624248,1,47.76078,0
37.38341194538724,0,26.189938,1
42.10673617533394,1,38.90315,1
40.933734899443365,1,32.39254,1
37.776491179511645,0,20.077686,1
32.84725604865145,1,21.508213,0
32.94530276186032,1,22.955168,1
36.329565977125405,1,35.246063,0
41.62866306478787,1,31.20842,0
52.520563352111076,1,31.0859,0
32.95475534587209,1,20.016085,1
37.74513620423762,1,24.751198,0
30.700597649389323,1,25.315195,1
33.638503778913915,1,36.39596,1
40.999723743077446,1,14.905887,1
39.38075459796262,1,49.539013,0
35.79425755360874,0,20.270021,1
30.51536131526737,1,46.587612,1
42.84359857935343,1,35.216633,1
43.17486024421872,1,33.03525,0
38.8914467014619,1,41.553387,1
39.698926296833555,1,23.272758,0
43.75430249185426,1,36.96475,0
31.45943798340285,1,24.884668,0
38.84651651986568,1,19.959274,0
25.184829872646638,1,15.761465,0
40.62188540832675,1,37.788845,0
40.19245796072624,0,60.217316,1
52.75676528446631,1,53.037304,0
29.077946311179844,1,41.228954,1
35.47396308834318,1,21.706707,1
34.2514237682181,1,63.76831,1
35.96963800371029,0,23.72245,1
41.15850103599837,1,34.95859,1
35.108853670055304,1,27.338467,1
32.86531620713309,1,42.578712,0
33.704628336201694,1,33.083847,0
39.98171642193161,1,38.361053,1
31.906353287567995,1,29.982546,1
41.934402880853135,0,37.935318,1
65.84218743205432,1,46.0154,1
39.040209350993955,0,38.10575,1
34.07752592576732,1,46.80664,1
39.75344733673022,1,26.173512,1
31.766586148704597,1,24.149555,0
32.02616027679799,1,11.329569,0
30.612625754491248,1,32.187202,0
45.792661395465935,0,46.325462,1
35.65476568300519,1,33.588295,1
35.55762671489511,1,55.043465,1
31.83379385458698,1,38.08795,1
49.87428281866722,0,71.47536,1
40.13957316657887,0,28.816221,1
44.037420378229164,1,54.131073,0
34.68794801565299,1,44.403492,1
32.342579221028245,1,44.896988,0
46.21890469347451,1,27.60883,0
35.11473416827636,1,29.354895,0
31.799907691639746,1,13.174195,0
35.53069139558866,1,35.422657,1
42.46149678736866,0,37.966805,1
60.5627432178282,1,67.58419,1
40.40677798689902,1,38.724503,1
34.337964268164924,1,33.80664,1
33.32078531243363,0,38.14271,1
40.6299642116742,0,57.72861,1
39.12270020672714,1,40.38843,1
37.83336288231575,1,28.304928,1
42.77907057797283,1,51.884666,0
29.515461524350215,0,36.059208,1
42.001533767686254,1,42.779945,1
28.40718669905084,0,35.736824,1
41.51066516416802,1,33.669064,0
41.89925816581549,1,26.573238,0
42.110199434138195,1,44.654003,1
35.58686660567944,0,25.261806,1
37.68206008288808,1,29.584873,1
37.547071088888806,1,47.42334,1
39.30432220458128,1,22.302876,1
43.26262600800128,1,48.89562,0
33.37007369475802,1,26.079056,0
37.576582406980535,1,31.631416,0
39.56770271656564,1,42.267967,1
24.736501097975058,0,20.012663,0
39.35937073528289,1,39.045517,1
38.21115640595438,1,32.0859,0
35.57973139632043,1,52.523273,1
33.508522106609085,1,20.750513,1
41.410137195667964,0,47.87851,1
52.64951180820332,1,35.327515,0
30.701491310995742,1,32.194046,0
41.88876852463867,0,32.04757,1
37.841121606291274,1,21.899727,0
28.3439018859508,1,26.508898,0
39.02759182215257,0,43.247433,1
32.09700792529794,1,65.519165,0
38.16660391801703,1,33.669064,0
39.51180789600467,1,36.50274,1
53.49087756652221,1,44.61978,1
49.79989893326622,0,50.790897,1
33.40852418954894,1,37.276867,0
26.053448469008927,1,33.5705,0
38.57394588895453,1,40.745037,1
42.852765652565445,1,46.61088,1
33.136372222456274,1,31.166666,1
54.208854007280486,1,69.87646,1
37.89299110867089,1,51.324776,1
38.89393307802303,1,24.92505,0
32.98995383424422,0,44.19815,1
31.0102424337921,0,30.507528,1
31.144305758247746,1,21.567762,1
34.829193921214696,1,14.290554,0
36.97107289529521,0,33.100273,1
35.74715595355335,1,52.509583,1
24.66484556914037,1,13.13039,1
30.98913127873724,1,36.57529,0
38.06960194387813,1,47.45414,1
34.82248377726161,1,30.862764,0
33.547228664897546,1,46.87235,1
36.124031489553296,1,30.92779,1
39.83276428541137,1,36.01814,1
36.7985104239841,1,40.01814,1
36.14892598278434,1,32.220737,1
30.788026689672606,1,29.179672,0
37.9437774624559,1,31.788843,0
38.872378933117425,0,43.51369,1
32.052829290067,1,24.69165,1
34.44574523523285,1,36.341206,0
44.24660761159372,1,52.81143,0
37.664081864725645,1,17.230322,0
35.45858391468081,0,33.097534,1
31.574642231264534,1,31.248117,0
39.08496668972934,1,40.946953,1
37.72575219747369,1,47.779945,1
37.873787626672716,1,32.678646,1
37.43533778173632,1,20.706707,1
32.855972450107785,1,34.150238,0
34.07596393843231,1,59.98049,0
39.337894689744026,0,32.061943,1
48.53867738088495,1,45.441822,0
40.8896420454841,1,17.357632,0
35.3498311866397,0,30.795004,1
23.692617280085106,0,28.706024,0
35.1771009937377,1,31.679329,1
26.595184086313914,1,20.142027,1
31.37912750835124,1,21.71629,0
34.88711932531119,1,30.077686,0
45.83582089797665,1,44.387062,0
35.47717284428487,1,10.79911,0
38.85573480577719,0,28.16119,1
45.54794151086496,1,47.213894,0
41.03254340155741,1,35.358315,0
33.66122429305082,1,37.968857,1
41.307760448715655,1,38.068787,1
60.87443651021131,1,68.35147,1
34.33726009354668,1,26.194046,0
39.040209350993955,1,38.10575,1
33.457726790601654,1,29.502737,0
38.38484683697216,1,49.456196,1
35.5350521569518,1,77.20089,1
35.24694231269232,1,31.369951,0
34.53755936291155,1,13.085216,0
44.06993276051208,1,62.950375,1
36.87710911455465,1,26.564339,0
31.099924832853752,0,22.732033,1
36.11825469704875,0,30.13039,1
47.07739213755655,1,59.64921,1
33.10849843043133,1,31.539015,1
37.98211913026036,0,51.620464,1
44.313225091114276,0,27.999659,1
53.24547015143033,1,45.157085,1
37.51630121870666,1,36.297398,0
31.45902444085432,1,43.539013,0
36.234105505241715,1,23.179672,0
45.0897030788385,1,48.343258,1
34.420023656904746,1,12.643737,0
32.08604072569821,1,20.589664,0
35.45448177745018,1,40.124916,0
34.451820341712036,1,30.678644,1
38.3668199667452,1,38.842915,1
37.54655896189372,1,29.876455,0
39.86661587978644,1,45.06742,1
48.37512578405235,1,58.16461,1
34.32463744343534,1,22.777208,0
48.787784913516305,1,48.329567,1
39.2341454424449,1,40.00924,0
36.05728085701403,0,22.678644,1
43.20619345409546,1,41.563656,1
35.41923847796597,1,38.50411,1
37.04356703208435,0,26.401438,1
60.36960988544206,1,59.56297,1
40.528913873639155,1,34.20568,0
31.992846415767765,1,12.366529,1
30.028893162954382,1,23.15161,0
24.66484556914037,0,13.13039,1
34.610272433991085,0,28.953798,1
35.479150934803386,1,30.158453,0
45.953055729373844,1,61.86824,1
36.1050085323209,1,33.54244,0
31.459637712930935,1,28.007872,1
34.762937491225685,1,24.503422,1
39.50005970273744,1,28.415812,0
40.28102008198615,1,35.489735,1
45.66148006567512,1,37.403492,1
42.70043347787765,1,20.924366,0
98.5203989966173,0,92.57118,1
42.29621676192765,1,35.187202,0
47.26826955052936,1,22.382957,0
37.5587603875516,1,31.420603,1
35.62542720777431,1,41.940792,1
32.3334582392458,1,32.17488,1
37.755310887312454,1,31.185146,0
37.07252141206892,1,18.157768,1
38.27938708550945,1,28.753252,0
32.336473386929356,1,54.38364,0
36.008334319458854,0,21.745722,1
39.34406325939982,1,36.313828,0
37.1702864554305,0,29.192677,1
35.074342712174065,0,48.71971,1
34.28880135695432,1,30.355577,1
35.188687867001484,1,32.17488,1
29.380364983681986,0,22.654005,1
35.46489844053019,1,41.75325,1
39.25641016355618,1,44.16393,0
34.65640227307329,1,16.186516,0
33.38299593916148,1,74.782684,0
39.210779648294185,1,40.198837,0
36.75669909578794,1,25.775154,1
43.690438975249776,1,38.28166,1
39.040209350993955,1,38.10575,1
40.666661951824445,1,43.484943,1
32.81756548611145,1,25.0154,1
35.13607706079649,1,11.369952,0
44.36370160806725,1,42.67659,0
33.839888757508355,1,60.368584,1
39.27939954436551,1,38.46578,1
40.3435533487209,0,37.48768,1
48.77819021426341,1,51.619095,0
35.422143518345585,1,32.79706,1
38.19647372500531,1,57.054417,1
40.732059288779205,1,36.50274,0
36.94058469496036,1,36.50616,1
41.25448643805203,1,56.871662,1
27.188617643455153,1,21.269337,0
27.031691689621454,1,20.364477,0
48.91962688713079,1,74.4206,1
35.037111079631444,1,21.228952,1
32.65279502703054,1,25.782682,0
38.03572986442327,1,20.60883,0
45.33287377927935,1,66.352844,1
40.69352813398656,0,39.33436,1
50.908285146187026,1,77.871666,0
33.94624601152995,1,29.178988,0
36.68544558664439,0,64.30561,1
30.177713426773387,1,34.64921,1
46.50514527420194,1,40.38843,1
41.36914655098143,1,12.84976,1
37.253819489598676,1,29.9449,1
41.27094235872156,0,38.927105,1
39.040209350993955,0,38.10575,1
38.43921551908778,0,70.0859,1
54.205786366579936,1,67.508896,1
39.040209350993955,0,38.10575,1
29.429940157123617,1,22.900412,0
34.40390445973447,1,38.27276,0
43.436499524419794,1,34.31451,1
31.74898690451853,0,27.777891,1
30.325650271525866,1,25.678644,1
30.857792469895436,1,28.567762,0
24.44044176243438,1,44.618412,0
36.29420360811485,1,28.272074,1
